"id","name","english_label"
1,"TOEIC","mansion"
2,"TOEIC","poisoning"
3,"TOEIC","importer"
4,"TOEIC","fossil fuels"
5,"TOEIC","fiery"
6,"TOEIC","bilaterally"
7,"TOEIC","emergence"
8,"TOEIC","terrible"
9,"TOEIC","nationalism"
10,"TOEIC","knob"
11,"TOEIC","recollect"
12,"TOEIC","volcano"
13,"TOEIC","high-profile"
14,"TOEIC","rage"
15,"TOEIC","apportion"
16,"TOEIC","shining"
17,"TOEIC","citizenship"
18,"TOEIC","sleeper"
19,"TOEIC","space"
20,"TOEIC","clockwork"
21,"TOEIC","itemize"
22,"TOEIC","swelling"
23,"TOEIC","persuasive"
24,"TOEIC","responsive"
25,"TOEIC","squash"
26,"TOEIC","partake"
27,"TOEIC","initial"
28,"TOEIC","low pressure"
29,"TOEIC","run into"
30,"TOEIC","storage"
31,"TOEIC","put down"
32,"TOEIC","auction"
33,"TOEIC","embassy"
34,"TOEIC","liable for"
35,"TOEIC","alarming"
36,"TOEIC","ledge"
37,"TOEIC","stylistic"
38,"TOEIC","mobility"
39,"TOEIC","synergy"
40,"TOEIC","applicant"
41,"TOEIC","quest"
42,"TOEIC","feedback"
43,"TOEIC","wring"
44,"TOEIC","rely on"
45,"TOEIC","lorry"
46,"TOEIC","teller"
47,"TOEIC","spreadsheet"
48,"TOEIC","plain"
49,"TOEIC","wrong number"
50,"TOEIC","wanderer"
51,"TOEIC","canteen"
52,"TOEIC","dreamy"
53,"TOEIC","describe"
54,"TOEIC","spin off"
55,"TOEIC","defer"
56,"TOEIC","ancestry"
57,"TOEIC","scornful"
58,"TOEIC","market share"
59,"TOEIC","penthouse"
60,"TOEIC","exhibition"
61,"TOEIC","wintertime"
62,"TOEIC","hub"
63,"TOEIC","jewelry"
64,"TOEIC","capsule"
65,"TOEIC","expressive"
66,"TOEIC","behold"
67,"TOEIC","allied"
68,"TOEIC","tendency"
69,"TOEIC","socialism"
70,"TOEIC","temporarily"
71,"TOEIC","handy"
72,"TOEIC","breathless"
73,"TOEIC","debate"
74,"TOEIC","middle-range"
75,"TOEIC","high tide"
76,"TOEIC","aerospace"
77,"TOEIC","sip"
78,"TOEIC","punishment"
79,"TOEIC","courteous"
80,"TOEIC","statistical"
81,"TOEIC","issue"
82,"TOEIC","abolition"
83,"TOEIC","forex"
84,"TOEIC","existent"
85,"TOEIC","inability"
86,"TOEIC","ceremonial"
87,"TOEIC","beware"
88,"TOEIC","sex up"
89,"TOEIC","spicy"
90,"TOEIC","dogmatic"
91,"TOEIC","feverish"
92,"TOEIC","slang"
93,"TOEIC","destined"
94,"TOEIC","tyrant"
95,"TOEIC","slumber"
96,"TOEIC","billboard"
97,"TOEIC","at large"
98,"TOEIC","on top of"
99,"TOEIC","put off"
100,"TOEIC","clatter"
101,"TOEIC","inexperienced"
102,"TOEIC","striker"
103,"TOEIC","association"
104,"TOEIC","bandage"
105,"TOEIC","clinical"
106,"TOEIC","provide for"
107,"TOEIC","flake"
108,"TOEIC","convert"
109,"TOEIC","annoy"
110,"TOEIC","thoughtless"
111,"TOEIC","prospective"
112,"TOEIC","come across"
113,"TOEIC","submarine"
114,"TOEIC","tumble"
115,"TOEIC","dome"
116,"TOEIC","on purpose"
117,"TOEIC","unhealthy"
118,"TOEIC","pregnancy"
119,"TOEIC","acid rain"
120,"TOEIC","emerge"
121,"TOEIC","dump"
122,"TOEIC","sorrow"
123,"TOEIC","acceptance"
124,"TOEIC","mainstream"
125,"TOEIC","groom"
126,"TOEIC","green pepper"
127,"TOEIC","displace"
128,"TOEIC","contraction"
129,"TOEIC","patient"
130,"TOEIC","persuasion"
131,"TOEIC","lay aside"
132,"TOEIC","element"
133,"TOEIC","commonwealth"
134,"TOEIC","sweeten"
135,"TOEIC","modification"
136,"TOEIC","share"
137,"TOEIC","unpredictable"
138,"TOEIC","comply with"
139,"TOEIC","thicken"
140,"TOEIC","help wanted"
141,"TOEIC","bankruptcy"
142,"TOEIC","on the loose"
143,"TOEIC","regulate"
144,"TOEIC","advisory"
145,"TOEIC","bearish"
146,"TOEIC","heighten"
147,"TOEIC","commission"
148,"TOEIC","idealistic"
149,"TOEIC","rein"
150,"TOEIC","payable"
151,"TOEIC","inhabitant"
152,"TOEIC","splash"
153,"TOEIC","atmospheric"
154,"TOEIC","gardening"
155,"TOEIC","succeed to"
156,"TOEIC","hazardous"
157,"TOEIC","solar cell"
158,"TOEIC","emphasis"
159,"TOEIC","coastal"
160,"TOEIC","avoidance"
161,"TOEIC","boastful"
162,"TOEIC","binder"
163,"TOEIC","sociologist"
164,"TOEIC","bough"
165,"TOEIC","under way"
166,"TOEIC","homecoming"
167,"TOEIC","continuity"
168,"TOEIC","gain"
169,"TOEIC","dedicated"
170,"TOEIC","awful"
171,"TOEIC","session"
172,"TOEIC","state"
173,"TOEIC","reprint"
174,"TOEIC","hopefully"
175,"TOEIC","neat"
176,"TOEIC","creek"
177,"TOEIC","curly"
178,"TOEIC","installation"
179,"TOEIC","competence"
180,"TOEIC","mutton"
181,"TOEIC","plastic card"
182,"TOEIC","low-end"
183,"TOEIC","study abroad"
184,"TOEIC","rebuild"
185,"TOEIC","supernatural"
186,"TOEIC","landmark"
187,"TOEIC","SUV"
188,"TOEIC","highlighter"
189,"TOEIC","landscape"
190,"TOEIC","sector"
191,"TOEIC","jeweler"
192,"TOEIC","eyesight"
193,"TOEIC","fasting"
194,"TOEIC","ensure"
195,"TOEIC","tune"
196,"TOEIC","armored"
197,"TOEIC","concede"
198,"TOEIC","referee"
199,"TOEIC","residence"
200,"TOEIC","smog"
201,"TOEIC","sufficient"
202,"TOEIC","duster"
203,"TOEIC","administer"
204,"TOEIC","diverse"
205,"TOEIC","alliance"
206,"TOEIC","cuff"
207,"TOEIC","chime"
208,"TOEIC","lender"
209,"TOEIC","circuit"
210,"TOEIC","shut down"
211,"TOEIC","activate"
212,"TOEIC","sexuality"
213,"TOEIC","lump"
214,"TOEIC","vacant"
215,"TOEIC","go in for"
216,"TOEIC","aisle seat"
217,"TOEIC","motionless"
218,"TOEIC","skinny"
219,"TOEIC","hindrance"
220,"TOEIC","forceful"
221,"TOEIC","lighten"
222,"TOEIC","in honor of"
223,"TOEIC","dress code"
224,"TOEIC","madly"
225,"TOEIC","biography"
226,"TOEIC","forehead"
227,"TOEIC","turn left"
228,"TOEIC","precision"
229,"TOEIC","bang"
230,"TOEIC","pre-tax"
231,"TOEIC","fast-moving"
232,"TOEIC","ecosystem"
233,"TOEIC","shrimp"
234,"TOEIC","enormous"
235,"TOEIC","avail"
236,"TOEIC","delighted"
237,"TOEIC","insurer"
238,"TOEIC","cater"
239,"TOEIC","airway"
240,"TOEIC","leftover"
241,"TOEIC","lottery"
242,"TOEIC","shop floor"
243,"TOEIC","peacekeeping"
244,"TOEIC","lease"
245,"TOEIC","conquest"
246,"TOEIC","give in"
247,"TOEIC","safeguard"
248,"TOEIC","falsehood"
249,"TOEIC","hurdle"
250,"TOEIC","setup"
251,"TOEIC","stand for"
252,"TOEIC","unpopular"
253,"TOEIC","scoop"
254,"TOEIC","motivation"
255,"TOEIC","lotion"
256,"TOEIC","chick"
257,"TOEIC","transfer"
258,"TOEIC","contemporary"
259,"TOEIC","carving"
260,"TOEIC","manual"
261,"TOEIC","supplier"
262,"TOEIC","slug"
263,"TOEIC","X-ray"
264,"TOEIC","brim"
265,"TOEIC","thereafter"
266,"TOEIC","commuter"
267,"TOEIC","eyelash"
268,"TOEIC","functional"
269,"TOEIC","bond"
270,"TOEIC","estimation"
271,"TOEIC","restrictive"
272,"TOEIC","checkup"
273,"TOEIC","avalanche"
274,"TOEIC","evenly"
275,"TOEIC","caravan"
276,"TOEIC","miner"
277,"TOEIC","abandonment"
278,"TOEIC","stance"
279,"TOEIC","scandalous"
280,"TOEIC","dishonor"
281,"TOEIC","disbelief"
282,"TOEIC","blue chips"
283,"TOEIC","lengthen"
284,"TOEIC","republican"
285,"TOEIC","tolerant"
286,"TOEIC","perpetual"
287,"TOEIC","forum"
288,"TOEIC","expend"
289,"TOEIC","genre"
290,"TOEIC","entrepreneur"
291,"TOEIC","square"
292,"TOEIC","benchmark"
293,"TOEIC","vocation"
294,"TOEIC","innumerable"
295,"TOEIC","easygoing"
296,"TOEIC","challenged"
297,"TOEIC","rug"
298,"TOEIC","optimum"
299,"TOEIC","hourly"
300,"TOEIC","paralyze"
301,"TOEIC","negotiable"
302,"TOEIC","longtime"
303,"TOEIC","handicraft"
304,"TOEIC","cash basis"
305,"TOEIC","zeal"
306,"TOEIC","revelation"
307,"TOEIC","ambulance"
308,"TOEIC","PIN"
309,"TOEIC","rent"
310,"TOEIC","grease"
311,"TOEIC","mover"
312,"TOEIC","simplify"
313,"TOEIC","attraction"
314,"TOEIC","horoscope"
315,"TOEIC","prevailing"
316,"TOEIC","go over"
317,"TOEIC","affordable"
318,"TOEIC","calcium"
319,"TOEIC","watering"
320,"TOEIC","virtuous"
321,"TOEIC","widow"
322,"TOEIC","adverb"
323,"TOEIC","diarrhea"
324,"TOEIC","get together"
325,"TOEIC","prescribe"
326,"TOEIC","tram"
327,"TOEIC","variable"
328,"TOEIC","sorrowful"
329,"TOEIC","for a change"
330,"TOEIC","compel"
331,"TOEIC","in place of"
332,"TOEIC","predict"
333,"TOEIC","clause"
334,"TOEIC","reed"
335,"TOEIC","manipulation"
336,"TOEIC","zip"
337,"TOEIC","preferable"
338,"TOEIC","fatigue"
339,"TOEIC","diagram"
340,"TOEIC","factual"
341,"TOEIC","conduct"
342,"TOEIC","littering"
343,"TOEIC","alcoholism"
344,"TOEIC","debit"
345,"TOEIC","alloy"
346,"TOEIC","misplace"
347,"TOEIC","holiness"
348,"TOEIC","tireless"
349,"TOEIC","dining"
350,"TOEIC","enforcement"
351,"TOEIC","unsure"
352,"TOEIC","planetary"
353,"TOEIC","souvenir"
354,"TOEIC","refrigerator"
355,"TOEIC","auditorium"
356,"TOEIC","gateway"
357,"TOEIC","wait on"
358,"TOEIC","overview"
359,"TOEIC","syllable"
360,"TOEIC","pottery"
361,"TOEIC","exclusion"
362,"TOEIC","authorize"
363,"TOEIC","superpower"
364,"TOEIC","tasteful"
365,"TOEIC","list price"
366,"TOEIC","vowel"
367,"TOEIC","guardian"
368,"TOEIC","business day"
369,"TOEIC","legislative"
370,"TOEIC","storekeeper"
371,"TOEIC","stump"
372,"TOEIC","ordinarily"
373,"TOEIC","sales"
374,"TOEIC","go off line"
375,"TOEIC","gigantic"
376,"TOEIC","tidal"
377,"TOEIC","dissatisfied"
378,"TOEIC","literally"
379,"TOEIC","identifiable"
380,"TOEIC","SMS"
381,"TOEIC","white goods"
382,"TOEIC","textile"
383,"TOEIC","confront"
384,"TOEIC","inclusion"
385,"TOEIC","confer"
386,"TOEIC","parsley"
387,"TOEIC","ridicule"
388,"TOEIC","instinctive"
389,"TOEIC","bandwidth"
390,"TOEIC","catering"
391,"TOEIC","intensify"
392,"TOEIC","article"
393,"TOEIC","drop in on"
394,"TOEIC","shawl"
395,"TOEIC","steward"
396,"TOEIC","tearful"
397,"TOEIC","subscription"
398,"TOEIC","interaction"
399,"TOEIC","improper"
400,"TOEIC","low tide"
401,"TOEIC","ironical"
402,"TOEIC","toothpaste"
403,"TOEIC","fascinate"
404,"TOEIC","propaganda"
405,"TOEIC","consequent"
406,"TOEIC","cylinder"
407,"TOEIC","vacancy rate"
408,"TOEIC","refinement"
409,"TOEIC","liberal arts"
410,"TOEIC","regrettable"
411,"TOEIC","handwriting"
412,"TOEIC","formulate"
413,"TOEIC","ware"
414,"TOEIC","cash cow"
415,"TOEIC","recollection"
416,"TOEIC","classy"
417,"TOEIC","interference"
418,"TOEIC","shadowy"
419,"TOEIC","annoyance"
420,"TOEIC","sustainable"
421,"TOEIC","amazed"
422,"TOEIC","storehouse"
423,"TOEIC","supportive"
424,"TOEIC","conversion"
425,"TOEIC","territorial"
426,"TOEIC","candidacy"
427,"TOEIC","lawmaker"
428,"TOEIC","lecturer"
429,"TOEIC","inactive"
430,"TOEIC","forefather"
431,"TOEIC","dependency"
432,"TOEIC","in-house"
433,"TOEIC","fascination"
434,"TOEIC","fulfill"
435,"TOEIC","bedding"
436,"TOEIC","bi-monthly"
437,"TOEIC","pharmacist"
438,"TOEIC","go ahead"
439,"TOEIC","bellybutton"
440,"TOEIC","ship"
441,"TOEIC","silky"
442,"TOEIC","amen"
443,"TOEIC","rooster"
444,"TOEIC","interact"
445,"TOEIC","enroll"
446,"TOEIC","income tax"
447,"TOEIC","attribute"
448,"TOEIC","apparent"
449,"TOEIC","bridegroom"
450,"TOEIC","gracious"
451,"TOEIC","signup"
452,"TOEIC","seasonal"
453,"TOEIC","companion"
454,"TOEIC","attachment"
455,"TOEIC","binding"
456,"TOEIC","emission"
457,"TOEIC","range"
458,"TOEIC","disciple"
459,"TOEIC","capital gain"
460,"TOEIC","geology"
461,"TOEIC","settle in"
462,"TOEIC","commissioner"
463,"TOEIC","hind"
464,"TOEIC","buffalo"
465,"TOEIC","wheelchair"
466,"TOEIC","cultivation"
467,"TOEIC","public works"
468,"TOEIC","pouch"
469,"TOEIC","campaigner"
470,"TOEIC","eastward"
471,"TOEIC","line chart"
472,"TOEIC","revenge"
473,"TOEIC","inevitable"
474,"TOEIC","navigator"
475,"TOEIC","situate"
476,"TOEIC","reluctance"
477,"TOEIC","mentality"
478,"TOEIC","heartily"
479,"TOEIC","junction"
480,"TOEIC","sprung"
481,"TOEIC","shaft"
482,"TOEIC","abnormal"
483,"TOEIC","switch jobs"
484,"TOEIC","subject"
485,"TOEIC","operating"
486,"TOEIC","assert"
487,"TOEIC","get rid of"
488,"TOEIC","forgetful"
489,"TOEIC","coloring"
490,"TOEIC","decent"
491,"TOEIC","washcloth"
492,"TOEIC","move-in"
493,"TOEIC","rack"
494,"TOEIC","senseless"
495,"TOEIC","disagreeable"
496,"TOEIC","flatter"
497,"TOEIC","intentional"
498,"TOEIC","centered"
499,"TOEIC","knuckle"
500,"TOEIC","illumination"
501,"TOEIC","ripe"
502,"TOEIC","selective"
503,"TOEIC","description"
504,"TOEIC","sweetie"
505,"TOEIC","flattery"
506,"TOEIC","sensational"
507,"TOEIC","masterpiece"
508,"TOEIC","competent"
509,"TOEIC","haul"
510,"TOEIC","nosedive"
511,"TOEIC","insect spray"
512,"TOEIC","rationality"
513,"TOEIC","leaflet"
514,"TOEIC","complication"
515,"TOEIC","align"
516,"TOEIC","seaman"
517,"TOEIC","deception"
518,"TOEIC","escort"
519,"TOEIC","at hand"
520,"TOEIC","prey"
521,"TOEIC","westward"
522,"TOEIC","column"
523,"TOEIC","consult"
524,"TOEIC","rhyme"
525,"TOEIC","turn around"
526,"TOEIC","in case of"
527,"TOEIC","injection"
528,"TOEIC","rotation"
529,"TOEIC","disappearance"
530,"TOEIC","disturbance"
531,"TOEIC","adoption"
532,"TOEIC","soloist"
533,"TOEIC","channel"
534,"TOEIC","break down"
535,"TOEIC","jockey"
536,"TOEIC","pessimist"
537,"TOEIC","discipline"
538,"TOEIC","witty"
539,"TOEIC","dutiful"
540,"TOEIC","victor"
541,"TOEIC","potluck"
542,"TOEIC","exhausting"
543,"TOEIC","go with"
544,"TOEIC","unchanged"
545,"TOEIC","autobiography"
546,"TOEIC","bearing"
547,"TOEIC","traveling"
548,"TOEIC","every other"
549,"TOEIC","fundamentals"
550,"TOEIC","conceptual"
551,"TOEIC","stopper"
552,"TOEIC","collar"
553,"TOEIC","go without"
554,"TOEIC","dullness"
555,"TOEIC","lifeboat"
556,"TOEIC","forbear"
557,"TOEIC","leading"
558,"TOEIC","picturesque"
559,"TOEIC","backing"
560,"TOEIC","letter pads"
561,"TOEIC","endurance"
562,"TOEIC","unofficial"
563,"TOEIC","pronoun"
564,"TOEIC","exclamation"
565,"TOEIC","undesirable"
566,"TOEIC","lawful"
567,"TOEIC","gloss"
568,"TOEIC","applicable"
569,"TOEIC","uphill"
570,"TOEIC","restructure"
571,"TOEIC","formality"
572,"TOEIC","insulting"
573,"TOEIC","wallpaper"
574,"TOEIC","gadget"
575,"TOEIC","turning"
576,"TOEIC","downsize"
577,"TOEIC","instance"
578,"TOEIC","confirmation"
579,"TOEIC","innocence"
580,"TOEIC","handshake"
581,"TOEIC","consult with"
582,"TOEIC","chatter"
583,"TOEIC","inconvenient"
584,"TOEIC","high"
585,"TOEIC","regarding"
586,"TOEIC","replica"
587,"TOEIC","loop"
588,"TOEIC","seeker"
589,"TOEIC","continuation"
590,"TOEIC","extremely"
591,"TOEIC","brunch"
592,"TOEIC","cannibalize"
593,"TOEIC","hijack"
594,"TOEIC","concentration"
595,"TOEIC","disposition"
596,"TOEIC","developmental"
597,"TOEIC","confrontation"
598,"TOEIC","leading-edge"
599,"TOEIC","delegation"
600,"TOEIC","bachelor"
601,"TOEIC","snack"
602,"TOEIC","defeat"
603,"TOEIC","barbarian"
604,"TOEIC","wreck"
605,"TOEIC","reliable"
606,"TOEIC","barrack"
607,"TOEIC","discomfort"
608,"TOEIC","fiber optics"
609,"TOEIC","embarrassed"
610,"TOEIC","phone booth"
611,"TOEIC","deregulation"
612,"TOEIC","disgusted"
613,"TOEIC","off the mark"
614,"TOEIC","occasionally"
615,"TOEIC","enjoyment"
616,"TOEIC","subjective"
617,"TOEIC","faultless"
618,"TOEIC","go on line"
619,"TOEIC","genuine"
620,"TOEIC","birthplace"
621,"TOEIC","misuse"
622,"TOEIC","idol"
623,"TOEIC","through"
624,"TOEIC","urban"
625,"TOEIC","adjacent to"
626,"TOEIC","knowledgeable"
627,"TOEIC","equivalent"
628,"TOEIC","earning"
629,"TOEIC","abrupt"
630,"TOEIC","shower"
631,"TOEIC","grieve"
632,"TOEIC","footpath"
633,"TOEIC","householder"
634,"TOEIC","rim"
635,"TOEIC","barefoot"
636,"TOEIC","estimate"
637,"TOEIC","bully"
638,"TOEIC","flat"
639,"TOEIC","cast"
640,"TOEIC","fasten"
641,"TOEIC","unskilled"
642,"TOEIC","cash in on"
643,"TOEIC","undertaking"
644,"TOEIC","put on"
645,"TOEIC","frightful"
646,"TOEIC","reorganize"
647,"TOEIC","expectation"
648,"TOEIC","odor"
649,"TOEIC","make up for"
650,"TOEIC","talkative"
651,"TOEIC","ignorance"
652,"TOEIC","remarkable"
653,"TOEIC","harmonious"
654,"TOEIC","youngster"
655,"TOEIC","sunbeam"
656,"TOEIC","optimism"
657,"TOEIC","organizer"
658,"TOEIC","exhaust gas"
659,"TOEIC","choir"
660,"TOEIC","laughter"
661,"TOEIC","eventually"
662,"TOEIC","emend"
663,"TOEIC","sentimental"
664,"TOEIC","tempest"
665,"TOEIC","gunshot"
666,"TOEIC","ceremony"
667,"TOEIC","apparel"
668,"TOEIC","communism"
669,"TOEIC","furnished"
670,"TOEIC","throat"
671,"TOEIC","goldfish"
672,"TOEIC","realization"
673,"TOEIC","feeder"
674,"TOEIC","eyebrow"
675,"TOEIC","valve"
676,"TOEIC","airmail"
677,"TOEIC","cloakroom"
678,"TOEIC","dumping"
679,"TOEIC","lavatory"
680,"TOEIC","flat tire"
681,"TOEIC","sadness"
682,"TOEIC","coil"
683,"TOEIC","latitude"
684,"TOEIC","contractor"
685,"TOEIC","separately"
686,"TOEIC","spite"
687,"TOEIC","exhaust"
688,"TOEIC","set aside"
689,"TOEIC","sponsorship"
690,"TOEIC","eyelid"
691,"TOEIC","lay off"
692,"TOEIC","envelop"
693,"TOEIC","at any rate"
694,"TOEIC","consonant"
695,"TOEIC","critical"
696,"TOEIC","given"
697,"TOEIC","reappear"
698,"TOEIC","required"
699,"TOEIC","grade"
700,"TOEIC","cosmos"
701,"TOEIC","factor"
702,"TOEIC","actually"
703,"TOEIC","surpass"
704,"TOEIC","geographical"
705,"TOEIC","property"
706,"TOEIC","outrage"
707,"TOEIC","special"
708,"TOEIC","daring"
709,"TOEIC","convince"
710,"TOEIC","hedge"
711,"TOEIC","shareholder"
712,"TOEIC","pentagon"
713,"TOEIC","hound"
714,"TOEIC","crystal"
715,"TOEIC","compartment"
716,"TOEIC","one-stop"
717,"TOEIC","lash"
718,"TOEIC","drop off"
719,"TOEIC","privilege"
720,"TOEIC","patriot"
721,"TOEIC","nationalize"
722,"TOEIC","in front of"
723,"TOEIC","incorporate"
724,"TOEIC","hay fever"
725,"TOEIC","global reach"
726,"TOEIC","turn right"
727,"TOEIC","abundant"
728,"TOEIC","echo"
729,"TOEIC","aimless"
730,"TOEIC","at a loss"
731,"TOEIC","out of stock"
732,"TOEIC","paid-up"
733,"TOEIC","default"
734,"TOEIC","brown goods"
735,"TOEIC","distribution"
736,"TOEIC","metropolis"
737,"TOEIC","high-rise"
738,"TOEIC","hairy"
739,"TOEIC","differentiate"
740,"TOEIC","waver"
741,"TOEIC","accordance"
742,"TOEIC","endorse"
743,"TOEIC","worrying"
744,"TOEIC","artery"
745,"TOEIC","preserve"
746,"TOEIC","virtually"
747,"TOEIC","controversy"
748,"TOEIC","headline"
749,"TOEIC","belated"
750,"TOEIC","occupant"
751,"TOEIC","depression"
752,"TOEIC","capacity"
753,"TOEIC","bait"
754,"TOEIC","adhere to"
755,"TOEIC","invariably"
756,"TOEIC","strain"
757,"TOEIC","recognize"
758,"TOEIC","warring"
759,"TOEIC","means"
760,"TOEIC","surplus"
761,"TOEIC","flourish"
762,"TOEIC","run errands"
763,"TOEIC","dairy"
764,"TOEIC","due"
765,"TOEIC","totalize"
766,"TOEIC","pile"
767,"TOEIC","deed"
768,"TOEIC","wander"
769,"TOEIC","waive"
770,"TOEIC","industry"
771,"TOEIC","renovate"
772,"TOEIC","defendant"
773,"TOEIC","breach"
774,"TOEIC","tricky"
775,"TOEIC","Fahrenheit"
776,"TOEIC","boredom"
777,"TOEIC","relax"
778,"TOEIC","quicken"
779,"TOEIC","accept"
780,"TOEIC","congress"
781,"TOEIC","treasurer"
782,"TOEIC","oddly"
783,"TOEIC","coast"
784,"TOEIC","loosen up"
785,"TOEIC","imminent"
786,"TOEIC","equator"
787,"TOEIC","intuition"
788,"TOEIC","slant"
789,"TOEIC","piercing"
790,"TOEIC","deputy"
791,"TOEIC","Antarctic"
792,"TOEIC","outstanding"
793,"TOEIC","pull over"
794,"TOEIC","rationalize"
795,"TOEIC","ancient"
796,"TOEIC","suspension"
797,"TOEIC","ornament"
798,"TOEIC","disastrous"
799,"TOEIC","orderly"
800,"TOEIC","quarantine"
801,"TOEIC","toe"
802,"TOEIC","durable"
803,"TOEIC","conservative"
804,"TOEIC","business"
805,"TOEIC","vulgar"
806,"TOEIC","optimize"
807,"TOEIC","peculiar"
808,"TOEIC","lawn mower"
809,"TOEIC","clergy"
810,"TOEIC","cane"
811,"TOEIC","consequently"
812,"TOEIC","endeavor"
813,"TOEIC","appetizing"
814,"TOEIC","gross margin"
815,"TOEIC","pious"
816,"TOEIC","churchyard"
817,"TOEIC","friction"
818,"TOEIC","appliance"
819,"TOEIC","launch"
820,"TOEIC","certificate"
821,"TOEIC","take over"
822,"TOEIC","justify"
823,"TOEIC","artificial"
824,"TOEIC","judge"
825,"TOEIC","abbreviation"
826,"TOEIC","crack"
827,"TOEIC","altitude"
828,"TOEIC","deliberate"
829,"TOEIC","devour"
830,"TOEIC","respectively"
831,"TOEIC","scope"
832,"TOEIC","destroyer"
833,"TOEIC","authority"
834,"TOEIC","borrow"
835,"TOEIC","respective"
836,"TOEIC","sergeant"
837,"TOEIC","candidate"
838,"TOEIC","opposition"
839,"TOEIC","avoid"
840,"TOEIC","consortium"
841,"TOEIC","Dear"
842,"TOEIC","moan"
843,"TOEIC","put up with"
844,"TOEIC","sensible"
845,"TOEIC","serpent"
846,"TOEIC","bribery"
847,"TOEIC","revoke"
848,"TOEIC","transaction"
849,"TOEIC","ailing"
850,"TOEIC","pebble"
851,"TOEIC","conclude"
852,"TOEIC","financial"
853,"TOEIC","customer"
854,"TOEIC","cost"
855,"TOEIC","intact"
856,"TOEIC","contradiction"
857,"TOEIC","compromise"
858,"TOEIC","shrug"
859,"TOEIC","yarn"
860,"TOEIC","crust"
861,"TOEIC","flowerbed"
862,"TOEIC","expire"
863,"TOEIC","awareness"
864,"TOEIC","neighboring"
865,"TOEIC","appropriate"
866,"TOEIC","vaguely"
867,"TOEIC","bulk"
868,"TOEIC","accountant"
869,"TOEIC","require"
870,"TOEIC","wretched"
871,"TOEIC","pave"
872,"TOEIC","sane"
873,"TOEIC","inferior"
874,"TOEIC","temple"
875,"TOEIC","beggar"
876,"TOEIC","texture"
877,"TOEIC","phase"
878,"TOEIC","sullen"
879,"TOEIC","clutch"
880,"TOEIC","malignant"
881,"TOEIC","imposing"
882,"TOEIC","condominium"
883,"TOEIC","census"
884,"TOEIC","bride"
885,"TOEIC","quote"
886,"TOEIC","premier"
887,"TOEIC","tolerable"
888,"TOEIC","electorate"
889,"TOEIC","ambitious"
890,"TOEIC","bouquet"
891,"TOEIC","report to"
892,"TOEIC","offend"
893,"TOEIC","continent"
894,"TOEIC","buoyant"
895,"TOEIC","deadline"
896,"TOEIC","discreet"
897,"TOEIC","discuss"
898,"TOEIC","domestic"
899,"TOEIC","dismissal"
900,"TOEIC","chore"
901,"TOEIC","collision"
902,"TOEIC","dean"
903,"TOEIC","distress"
904,"TOEIC","material"
905,"TOEIC","adore"
906,"TOEIC","acute"
907,"TOEIC","qualified"
908,"TOEIC","irrevocable"
909,"TOEIC","affection"
910,"TOEIC","snare"
911,"TOEIC","pest"
912,"TOEIC","diagnosis"
913,"TOEIC","diplomacy"
914,"TOEIC","deceitful"
915,"TOEIC","embrace"
916,"TOEIC","diploma"
917,"TOEIC","delete"
918,"TOEIC","horseshoe"
919,"TOEIC","policy"
920,"TOEIC","feudal"
921,"TOEIC","runny nose"
922,"TOEIC","monstrous"
923,"TOEIC","astronomy"
924,"TOEIC","sympathetic"
925,"TOEIC","clue"
926,"TOEIC","booming"
927,"TOEIC","slay"
928,"TOEIC","engender"
929,"TOEIC","assertion"
930,"TOEIC","tradesman"
931,"TOEIC","sparkling"
932,"TOEIC","insignificant"
933,"TOEIC","determine"
934,"TOEIC","broaden"
935,"TOEIC","bust"
936,"TOEIC","bull"
937,"TOEIC","exquisite"
938,"TOEIC","arc"
939,"TOEIC","sown"
940,"TOEIC","surveillance"
941,"TOEIC","clown"
942,"TOEIC","rust"
943,"TOEIC","indignation"
944,"TOEIC","bounce"
945,"TOEIC","remind"
946,"TOEIC","sly"
947,"TOEIC","target"
948,"TOEIC","purpose"
949,"TOEIC","review"
950,"TOEIC","capable"
951,"TOEIC","auditor"
952,"TOEIC","indicate"
953,"TOEIC","fluctuate"
954,"TOEIC","boil"
955,"TOEIC","gaze"
956,"TOEIC","dismantle"
957,"TOEIC","husky"
958,"TOEIC","condolence"
959,"TOEIC","pesticide"
960,"TOEIC","omission"
961,"TOEIC","legislation"
962,"TOEIC","contain"
963,"TOEIC","stabilize"
964,"TOEIC","elevate"
965,"TOEIC","alternative"
966,"TOEIC","fraud"
967,"TOEIC","set forth"
968,"TOEIC","principal"
969,"TOEIC","celestial"
970,"TOEIC","vessel"
971,"TOEIC","affectionate"
972,"TOEIC","dependent"
973,"TOEIC","tear"
974,"TOEIC","steam"
975,"TOEIC","incentive"
976,"TOEIC","expansion"
977,"TOEIC","forbidding"
978,"TOEIC","usage"
979,"TOEIC","locomotive"
980,"TOEIC","coincide"
981,"TOEIC","quaint"
982,"TOEIC","enact"
983,"TOEIC","blast"
984,"TOEIC","miraculous"
985,"TOEIC","moderate"
986,"TOEIC","correspond"
987,"TOEIC","collate"
988,"TOEIC","cabinet"
989,"TOEIC","supplement"
990,"TOEIC","chap"
991,"TOEIC","attorney"
992,"TOEIC","author"
993,"TOEIC","grumble"
994,"TOEIC","gloomy"
995,"TOEIC","numerous"
996,"TOEIC","prophet"
997,"TOEIC","account for"
998,"TOEIC","verdict"
999,"TOEIC","ankle"
1000,"TOEIC","distributor"
1001,"TOEIC","butcher"
1002,"TOEIC","garment"
1003,"TOEIC","shelf"
1004,"TOEIC","tease"
1005,"TOEIC","reluctant"
1006,"TOEIC","sluggish"
1007,"TOEIC","refurbish"
1008,"TOEIC","comparison"
1009,"TOEIC","clergyman"
1010,"TOEIC","bureaucracy"
1011,"TOEIC","cathedral"
1012,"TOEIC","duty"
1013,"TOEIC","dazzle"
1014,"TOEIC","thicket"
1015,"TOEIC","penetrate"
1016,"TOEIC","procedure"
1017,"TOEIC","flawless"
1018,"TOEIC","ambassador"
1019,"TOEIC","axis"
1020,"TOEIC","aptitude"
1021,"TOEIC","dialect"
1022,"TOEIC","development"
1023,"TOEIC","hardship"
1024,"TOEIC","funeral"
1025,"TOEIC","plumber"
1026,"TOEIC","reverence"
1027,"TOEIC","clamant"
1028,"TOEIC","in line with"
1029,"TOEIC","rebellious"
1030,"TOEIC","go burst"
1031,"TOEIC","tolerance"
1032,"TOEIC","obstacle"
1033,"TOEIC","instructions"
1034,"TOEIC","distorted"
1035,"TOEIC","real"
1036,"TOEIC","tropical"
1037,"TOEIC","fare"
1038,"TOEIC","den"
1039,"TOEIC","acquaintance"
1040,"TOEIC","hoof"
1041,"TOEIC","pier"
1042,"TOEIC","undergo"
1043,"TOEIC","yell"
1044,"TOEIC","revealing"
1045,"TOEIC","bid"
1046,"TOEIC","frantic"
1047,"TOEIC","departure"
1048,"TOEIC","additive"
1049,"TOEIC","eggplant"
1050,"TOEIC","coalition"
1051,"TOEIC","livelihood"
1052,"TOEIC","sermon"
1053,"TOEIC","critic"
1054,"TOEIC","halve"
1055,"TOEIC","reflect"
1056,"TOEIC","legitimate"
1057,"TOEIC","bliss"
1058,"TOEIC","confidential"
1059,"TOEIC","volatile"
1060,"TOEIC","bias"
1061,"TOEIC","baggage"
1062,"TOEIC","buzzword"
1063,"TOEIC","pneumonia"
1064,"TOEIC","preceding"
1065,"TOEIC","haggle"
1066,"TOEIC","anonymous"
1067,"TOEIC","hesitate"
1068,"TOEIC","potential"
1069,"TOEIC","fright"
1070,"TOEIC","horizontal"
1071,"TOEIC","strait"
1072,"TOEIC","sign"
1073,"TOEIC","vague"
1074,"TOEIC","chemical"
1075,"TOEIC","roundabout"
1076,"TOEIC","casualty"
1077,"TOEIC","corps"
1078,"TOEIC","bottom"
1079,"TOEIC","buyer"
1080,"TOEIC","skim"
1081,"TOEIC","commerce"
1082,"TOEIC","redundant"
1083,"TOEIC","ache"
1084,"TOEIC","hostage"
1085,"TOEIC","intake"
1086,"TOEIC","budget"
1087,"TOEIC","insolvent"
1088,"TOEIC","lieutenant"
1089,"TOEIC","captive"
1090,"TOEIC","current"
1091,"TOEIC","consecutive"
1092,"TOEIC","undertake"
1093,"TOEIC","objective"
1094,"TOEIC","takeover"
1095,"TOEIC","dismal"
1096,"TOEIC","boring"
1097,"TOEIC","hereafter"
1098,"TOEIC","anniversary"
1099,"TOEIC","cancer"
1100,"TOEIC","institution"
1101,"TOEIC","contrive"
1102,"TOEIC","cavity"
1103,"TOEIC","dividend"
1104,"TOEIC","come up with"
1105,"TOEIC","ashore"
1106,"TOEIC","shield"
1107,"TOEIC","sanction"
1108,"TOEIC","lonesome"
1109,"TOEIC","execution"
1110,"TOEIC","contribution"
1111,"TOEIC","shipment"
1112,"TOEIC","drain"
1113,"TOEIC","keeper"
1114,"TOEIC","enterprise"
1115,"TOEIC","dignity"
1116,"TOEIC","detergent"
1117,"TOEIC","disclose"
1118,"TOEIC","guarantee"
1119,"TOEIC","scarlet"
1120,"TOEIC","graduate"
1121,"TOEIC","bend"
1122,"TOEIC","arbitration"
1123,"TOEIC","saloon"
1124,"TOEIC","yawn"
1125,"TOEIC","sovereign"
1126,"TOEIC","stiffen"
1127,"TOEIC","plant"
1128,"TOEIC","jug"
1129,"TOEIC","glare"
1130,"TOEIC","contagious"
1131,"TOEIC","conserve"
1132,"TOEIC","respondent"
1133,"TOEIC","punctuality"
1134,"TOEIC","accuse"
1135,"TOEIC","forbid"
1136,"TOEIC","tiresome"
1137,"TOEIC","appreciate"
1138,"TOEIC","learner"
1139,"TOEIC","sacrifice"
1140,"TOEIC","eventual"
1141,"TOEIC","inclusive"
1142,"TOEIC","toil"
1143,"TOEIC","originate"
1144,"TOEIC","domain"
1145,"TOEIC","cargo"
1146,"TOEIC","swell"
1147,"TOEIC","elbow"
1148,"TOEIC","commodities"
1149,"TOEIC","welfare"
1150,"TOEIC","generate"
1151,"TOEIC","role"
1152,"TOEIC","identical"
1153,"TOEIC","admire"
1154,"TOEIC","cubicle"
1155,"TOEIC","fury"
1156,"TOEIC","collaborate"
1157,"TOEIC","valid"
1158,"TOEIC","rouse"
1159,"TOEIC","refer to"
1160,"TOEIC","neglect"
1161,"TOEIC","turn down"
1162,"TOEIC","scorch"
1163,"TOEIC","hurt"
1164,"TOEIC","consistent"
1165,"TOEIC","cough"
1166,"TOEIC","confiscate"
1167,"TOEIC","crumb"
1168,"TOEIC","hearty"
1169,"TOEIC","moody"
1170,"TOEIC","Senator"
1171,"TOEIC","scissors"
1172,"TOEIC","whisper"
1173,"TOEIC","directive"
1174,"TOEIC","merciful"
1175,"TOEIC","induce"
1176,"TOEIC","itch"
1177,"TOEIC","incident"
1178,"TOEIC","cumbersome"
1179,"TOEIC","courtesy"
1180,"TOEIC","ripen"
1181,"TOEIC","temperature"
1182,"TOEIC","amazement"
1183,"TOEIC","sympathy"
1184,"TOEIC","debt"
1185,"TOEIC","thumb"
1186,"TOEIC","give way to"
1187,"TOEIC","liquidity"
1188,"TOEIC","appetizer"
1189,"TOEIC","suppression"
1190,"TOEIC","cellar"
1191,"TOEIC","governor"
1192,"TOEIC","terse"
1193,"TOEIC","acre"
1194,"TOEIC","pitiful"
1195,"TOEIC","repudiate"
1196,"TOEIC","vibrate"
1197,"TOEIC","stout"
1198,"TOEIC","search"
1199,"TOEIC","disperse"
1200,"TOEIC","shrub"
1201,"TOEIC","plump"
1202,"TOEIC","utilities"
1203,"TOEIC","creditor"
1204,"TOEIC","gull"
1205,"TOEIC","oyster"
1206,"TOEIC","comrade"
1207,"TOEIC","bow"
1208,"TOEIC","deteriorate"
1209,"TOEIC","nominate"
1210,"TOEIC","foggy"
1211,"TOEIC","swarm"
1212,"TOEIC","certify"
1213,"TOEIC","net"
1214,"TOEIC","complaint"
1215,"TOEIC","communist"
1216,"TOEIC","blizzard"
1217,"TOEIC","flip"
1218,"TOEIC","restrict"
1219,"TOEIC","occurrence"
1220,"TOEIC","replace"
1221,"TOEIC","drowsy"
1222,"TOEIC","dizzy"
1223,"TOEIC","forestry"
1224,"TOEIC","cultivated"
1225,"TOEIC","assault"
1226,"TOEIC","rebate"
1227,"TOEIC","pulse"
1228,"TOEIC","summarize"
1229,"TOEIC","vigorous"
1230,"TOEIC","quota"
1231,"TOEIC","appetite"
1232,"TOEIC","pursue"
1233,"TOEIC","lawyer"
1234,"TOEIC","outing"
1235,"TOEIC","editorial"
1236,"TOEIC","fold"
1237,"TOEIC","diligent"
1238,"TOEIC","admission"
1239,"TOEIC","contract"
1240,"TOEIC","immediately"
1241,"TOEIC","expense"
1242,"TOEIC","planner"
1243,"TOEIC","bill"
1244,"TOEIC","bear"
1245,"TOEIC","wrath"
1246,"TOEIC","threshold"
1247,"TOEIC","against"
1248,"TOEIC","shallow"
1249,"TOEIC","payload"
1250,"TOEIC","spotted"
1251,"TOEIC","lean"
1252,"TOEIC","scent"
1253,"TOEIC","save"
1254,"TOEIC","adolescence"
1255,"TOEIC","affair"
1256,"TOEIC","threaten"
1257,"TOEIC","border"
1258,"TOEIC","preliminary"
1259,"TOEIC","enthusiast"
1260,"TOEIC","consent"
1261,"TOEIC","run short of"
1262,"TOEIC","remedy"
1263,"TOEIC","relative"
1264,"TOEIC","formal"
1265,"TOEIC","squeeze"
1266,"TOEIC","recession"
1267,"TOEIC","generous"
1268,"TOEIC","upset"
1269,"TOEIC","classify"
1270,"TOEIC","evacuate"
1271,"TOEIC","intimate"
1272,"TOEIC","botanical"
1273,"TOEIC","blunt"
1274,"TOEIC","embezzle"
1275,"TOEIC","urgent"
1276,"TOEIC","turbulence"
1277,"TOEIC","initiative"
1278,"TOEIC","mortality"
1279,"TOEIC","aviation"
1280,"TOEIC","laboratory"
1281,"TOEIC","seam"
1282,"TOEIC","prevent"
1283,"TOEIC","flaw"
1284,"TOEIC","cardinal"
1285,"TOEIC","limb"
1286,"TOEIC","generic"
1287,"TOEIC","inspect"
1288,"TOEIC","giggle"
1289,"TOEIC","tartan"
1290,"TOEIC","instantly"
1291,"TOEIC","humble"
1292,"TOEIC","comfortable"
1293,"TOEIC","president"
1294,"TOEIC","splendid"
1295,"TOEIC","antibiotics"
1296,"TOEIC","arouse"
1297,"TOEIC","reflection"
1298,"TOEIC","kernel"
1299,"TOEIC","solution"
1300,"TOEIC","autonomous"
1301,"TOEIC","row"
1302,"TOEIC","operation"
1303,"TOEIC","contingency"
1304,"TOEIC","bruise"
1305,"TOEIC","passbook"
1306,"TOEIC","statue"
1307,"TOEIC","defect"
1308,"TOEIC","kidney"
1309,"TOEIC","sole"
1310,"TOEIC","rustle"
1311,"TOEIC","shipping"
1312,"TOEIC","scanty"
1313,"TOEIC","cereal"
1314,"TOEIC","hangover"
1315,"TOEIC","facade"
1316,"TOEIC","supervisor"
1317,"TOEIC","spike"
1318,"TOEIC","in disorder"
1319,"TOEIC","discriminate"
1320,"TOEIC","acquittal"
1321,"TOEIC","sightseeing"
1322,"TOEIC","bold"
1323,"TOEIC","supervise"
1324,"TOEIC","itinerary"
1325,"TOEIC","chariot"
1326,"TOEIC","circumstance"
1327,"TOEIC","similarity"
1328,"TOEIC","patriotic"
1329,"TOEIC","utterance"
1330,"TOEIC","outskirts"
1331,"TOEIC","ownership"
1332,"TOEIC","communicative"
1333,"TOEIC","apprentice"
1334,"TOEIC","expose"
1335,"TOEIC","component"
1336,"TOEIC","visual"
1337,"TOEIC","dictation"
1338,"TOEIC","donate"
1339,"TOEIC","guru"
1340,"TOEIC","mediator"
1341,"TOEIC","flexible"
1342,"TOEIC","disarmament"
1343,"TOEIC","fragment"
1344,"TOEIC","take effect"
1345,"TOEIC","delinquency"
1346,"TOEIC","considerable"
1347,"TOEIC","inherit"
1348,"TOEIC","playful"
1349,"TOEIC","cure"
1350,"TOEIC","reception"
1351,"TOEIC","aide"
1352,"TOEIC","chamber"
1353,"TOEIC","skid"
1354,"TOEIC","signboard"
1355,"TOEIC","nuisance"
1356,"TOEIC","expenditure"
1357,"TOEIC","splendor"
1358,"TOEIC","cosmetics"
1359,"TOEIC","decidedly"
1360,"TOEIC","constituency"
1361,"TOEIC","cracked"
1362,"TOEIC","descendent"
1363,"TOEIC","gratify"
1364,"TOEIC","amend"
1365,"TOEIC","pressed"
1366,"TOEIC","censorship"
1367,"TOEIC","bleed"
1368,"TOEIC","alleviate"
1369,"TOEIC","tract"
1370,"TOEIC","cattle"
1371,"TOEIC","gospel"
1372,"TOEIC","brute"
1373,"TOEIC","feature"
1374,"TOEIC","alternate"
1375,"TOEIC","lemon"
1376,"TOEIC","subsequently"
1377,"TOEIC","submission"
1378,"TOEIC","chairman"
1379,"TOEIC","solid"
1380,"TOEIC","vacancy"
1381,"TOEIC","ecology"
1382,"TOEIC","commensurate"
1383,"TOEIC","accurate"
1384,"TOEIC","integrity"
1385,"TOEIC","expand"
1386,"TOEIC","standing"
1387,"TOEIC","divorce"
1388,"TOEIC","witness"
1389,"TOEIC","output"
1390,"TOEIC","pull through"
1391,"TOEIC","spine"
1392,"TOEIC","reminder"
1393,"TOEIC","attention"
1394,"TOEIC","stitch"
1395,"TOEIC","odd"
1396,"TOEIC","sour"
1397,"TOEIC","rot"
1398,"TOEIC","papal"
1399,"TOEIC","outgoing"
1400,"TOEIC","dusk"
1401,"TOEIC","merchandize"
1402,"TOEIC","prospect"
1403,"TOEIC","scrutiny"
1404,"TOEIC","burnable"
1405,"TOEIC","immune"
1406,"TOEIC","treatment"
1407,"TOEIC","discard"
1408,"TOEIC","sanitary"
1409,"TOEIC","fine"
1410,"TOEIC","abduction"
1411,"TOEIC","calligraphy"
1412,"TOEIC","beverage"
1413,"TOEIC","occupation"
1414,"TOEIC","bladder"
1415,"TOEIC","primitive"
1416,"TOEIC","affiliate"
1417,"TOEIC","harvest"
1418,"TOEIC","brisk"
1419,"TOEIC","climate"
1420,"TOEIC","accomplice"
1421,"TOEIC","admiral"
1422,"TOEIC","trample"
1423,"TOEIC","stroke"
1424,"TOEIC","adaptation"
1425,"TOEIC","drizzle"
1426,"TOEIC","indicator"
1427,"TOEIC","colonel"
1428,"TOEIC","deficiency"
1429,"TOEIC","strand"
1430,"TOEIC","bake"
1431,"TOEIC","amenity"
1432,"TOEIC","get-together"
1433,"TOEIC","prop"
1434,"TOEIC","burnt"
1435,"TOEIC","beside"
1436,"TOEIC","facility"
1437,"TOEIC","altar"
1438,"TOEIC","increase"
1439,"TOEIC","Arctic"
1440,"TOEIC","fragile"
1441,"TOEIC","ubiquitous"
1442,"TOEIC","dose"
1443,"TOEIC","grant"
1444,"TOEIC","substance"
1445,"TOEIC","compliment"
1446,"TOEIC","client"
1447,"TOEIC","declare"
1448,"TOEIC","faint"
1449,"TOEIC","overrun"
1450,"TOEIC","chairperson"
1451,"TOEIC","adjacent"
1452,"TOEIC","soil"
1453,"TOEIC","sibling"
1454,"TOEIC","prerequisite"
1455,"TOEIC","subtle"
1456,"TOEIC","implore"
1457,"TOEIC","represent"
1458,"TOEIC","currency"
1459,"TOEIC","affluent"
1460,"TOEIC","hush"
1461,"TOEIC","broadly"
1462,"TOEIC","wrist"
1463,"TOEIC","triangular"
1464,"TOEIC","corpse"
1465,"TOEIC","evolution"
1466,"TOEIC","execute"
1467,"TOEIC","try on"
1468,"TOEIC","complex"
1469,"TOEIC","snore"
1470,"TOEIC","crutch"
1471,"TOEIC","gene"
1472,"TOEIC","deserve"
1473,"TOEIC","deficit"
1474,"TOEIC","transition"
1475,"TOEIC","pedestrian"
1476,"TOEIC","liable"
1477,"TOEIC","balance"
1478,"TOEIC","shriek"
1479,"TOEIC","transmit"
1480,"TOEIC","pleasant"
1481,"TOEIC","visible"
1482,"TOEIC","inventory"
1483,"TOEIC","sue"
1484,"TOEIC","hostile"
1485,"TOEIC","prevention"
1486,"TOEIC","bidding"
1487,"TOEIC","trustee"
1488,"TOEIC","allocate"
1489,"TOEIC","abdomen"
1490,"TOEIC","vase"
1491,"TOEIC","commute"
1492,"TOEIC","agreement"
1493,"TOEIC","surface"
1494,"TOEIC","provide"
1495,"TOEIC","earn"
1496,"TOEIC","testing"
1497,"TOEIC","suicide"
1498,"TOEIC","headquarters"
1499,"TOEIC","resistant"
1500,"TOEIC","erotic"
1501,"TOEIC","morale"
1502,"TOEIC","sensibility"
1503,"TOEIC","handrail"
1504,"TOEIC","parting"
1505,"TOEIC","mandatory"
1506,"TOEIC","scroll"
1507,"TOEIC","waist"
1508,"TOEIC","pollute"
1509,"TOEIC","down payment"
1510,"TOEIC","demon"
1511,"TOEIC","snapshot"
1512,"TOEIC","processor"
1513,"TOEIC","query"
1514,"TOEIC","fellowship"
1515,"TOEIC","spacious"
1516,"TOEIC","overpower"
1517,"TOEIC","liquor"
1518,"TOEIC","volcanic"
1519,"TOEIC","infringe"
1520,"TOEIC","downhill"
1521,"TOEIC","innkeeper"
1522,"TOEIC","gymnasium"
1523,"TOEIC","lid"
1524,"TOEIC","remuneration"
1525,"TOEIC","arm"
1526,"TOEIC","emit"
1527,"TOEIC","exclusive"
1528,"TOEIC","acting"
1529,"TOEIC","patent"
1530,"TOEIC","contend"
1531,"TOEIC","enthusiasm"
1532,"TOEIC","barn"
1533,"TOEIC","implication"
1534,"TOEIC","shooting"
1535,"TOEIC","cape"
1536,"TOEIC","snooze"
1537,"TOEIC","indict"
1538,"TOEIC","hang up"
1539,"TOEIC","rapidity"
1540,"TOEIC","windshield"
1541,"TOEIC","commentary"
1542,"TOEIC","imperfection"
1543,"TOEIC","distraction"
1544,"TOEIC","ruler"
1545,"TOEIC","screening"
1546,"TOEIC","coup"
1547,"TOEIC","conform"
1548,"TOEIC","regulation"
1549,"TOEIC","increment"
1550,"TOEIC","notify"
1551,"TOEIC","parental"
1552,"TOEIC","locality"
1553,"TOEIC","rear"
1554,"TOEIC","area code"
1555,"TOEIC","inspector"
1556,"TOEIC","harmonize"
1557,"TOEIC","maintenance"
1558,"TOEIC","feel at home"
1559,"TOEIC","troops"
1560,"TOEIC","uncertainty"
1561,"TOEIC","jail"
1562,"TOEIC","progression"
1563,"TOEIC","intense"
1564,"TOEIC","colonize"
1565,"TOEIC","warranty"
1566,"TOEIC","white-out"
1567,"TOEIC","perk"
1568,"TOEIC","instructor"
1569,"TOEIC","dye"
1570,"TOEIC","pay off"
1571,"TOEIC","incur"
1572,"TOEIC","consolidated"
1573,"TOEIC","operational"
1574,"TOEIC","closure"
1575,"TOEIC","see to"
1576,"TOEIC","warrants"
1577,"TOEIC","textile"
1578,"TOEIC","attain"
1579,"TOEIC","waterway"
1580,"TOEIC","epidemic"
1581,"TOEIC","county"
1582,"TOEIC","sculpture"
1583,"TOEIC","persist"
1584,"TOEIC","platinum"
1585,"TOEIC","retain"
1586,"TOEIC","humidity"
1587,"TOEIC","profess"
1588,"TOEIC","presume"
1589,"TOEIC","thermometer"
1590,"TOEIC","exploitation"
1591,"TOEIC","wholly-owned"
1592,"TOEIC","gloom"
1593,"TOEIC","vice versa"
1594,"TOEIC","reduced"
1595,"TOEIC","statutory"
1596,"TOEIC","tidy"
1597,"TOEIC","tutor"
1598,"TOEIC","jobless"
1599,"TOEIC","buddy"
1600,"TOEIC","fragrance"
1601,"TOEIC","deathbed"
1602,"TOEIC","wizard"
1603,"TOEIC","civilization"
1604,"TOEIC","moth"
1605,"TOEIC","waterfront"
1606,"TOEIC","skyscraper"
1607,"TOEIC","honorary"
1608,"TOEIC","kidnapping"
1609,"TOEIC","liberate"
1610,"TOEIC","slowdown"
1611,"TOEIC","compensate"
1612,"TOEIC","lodger"
1613,"TOEIC","outlaw"
1614,"TOEIC","sell-off"
1615,"TOEIC","nourishment"
1616,"TOEIC","yearn"
1617,"TOEIC","inexpensive"
1618,"TOEIC","windy"
1619,"TOEIC","iron out"
1620,"TOEIC","cruelly"
1621,"TOEIC","story"
1622,"TOEIC","upward"
1623,"TOEIC","preferred"
1624,"TOEIC","forwarder"
1625,"TOEIC","validate"
1626,"TOEIC","requisition"
1627,"TOEIC","paradoxical"
1628,"TOEIC","florist"
1629,"TOEIC","avowal"
1630,"TOEIC","stagnate"
1631,"TOEIC","medieval"
1632,"TOEIC","merciless"
1633,"TOEIC","bronze"
1634,"TOEIC","congressional"
1635,"TOEIC","unbelievable"
1636,"TOEIC","mutual funds"
1637,"TOEIC","canvas"
1638,"TOEIC","itchy"
1639,"TOEIC","whiskers"
1640,"TOEIC","domination"
1641,"TOEIC","furnace"
1642,"TOEIC","motto"
1643,"TOEIC","diversify"
1644,"TOEIC","imprisonment"
1645,"TOEIC","breakup"
1646,"TOEIC","siren"
1647,"TOEIC","farmyard"
1648,"TOEIC","think twice"
1649,"TOEIC","scenic"
1650,"TOEIC","verify"
1651,"TOEIC","presidency"
1652,"TOEIC","expertise"
1653,"TOEIC","psychiatrist"
1654,"TOEIC","proficiency"
1655,"TOEIC","bosom"
1656,"TOEIC","spa"
1657,"TOEIC","subcontract"
1658,"TOEIC","investigator"
1659,"TOEIC","dispose of"
1660,"TOEIC","disciplined"
1661,"TOEIC","underestimate"
1662,"TOEIC","planter"
1663,"TOEIC","vicinity"
1664,"TOEIC","trainee"
1665,"TOEIC","layout"
1666,"TOEIC","tolerate"
1667,"TOEIC","fluffy"
1668,"TOEIC","invoice"
1669,"TOEIC","dedication"
1670,"TOEIC","broil"
1671,"TOEIC","terrorism"
1672,"TOEIC","insured"
1673,"TOEIC","syllabus"
1674,"TOEIC","invader"
1675,"TOEIC","rebound"
1676,"TOEIC","fluorescent"
1677,"TOEIC","poll"
1678,"TOEIC","testament"
1679,"TOEIC","settler"
1680,"TOEIC","temperament"
1681,"TOEIC","absorption"
1682,"TOEIC","stomach"
1683,"TOEIC","symbolism"
1684,"TOEIC","bewilderment"
1685,"TOEIC","placement"
1686,"TOEIC","supply room"
1687,"TOEIC","moisten"
1688,"TOEIC","godfather"
1689,"TOEIC","lyric"
1690,"TOEIC","uplift"
1691,"TOEIC","complicated"
1692,"TOEIC","pastime"
1693,"TOEIC","medication"
1694,"TOEIC","hood"
1695,"TOEIC","elimination"
1696,"TOEIC","time deposit"
1697,"TOEIC","jingle"
1698,"TOEIC","redefine"
1699,"TOEIC","clarify"
1700,"TOEIC","preface"
1701,"TOEIC","executive"
1702,"TOEIC","lapse"
1703,"TOEIC","carousel"
1704,"TOEIC","therapist"
1705,"TOEIC","bungalow"
1706,"TOEIC","sewing"
1707,"TOEIC","pavilion"
1708,"TOEIC","suspenders"
1709,"TOEIC","toll-free"
1710,"TOEIC","proficient"
1711,"TOEIC","cookery"
1712,"TOEIC","pointer"
1713,"TOEIC","bishop"
1714,"TOEIC","renew"
1715,"TOEIC","loading"
1716,"TOEIC","unwanted"
1717,"TOEIC","synthetic"
1718,"TOEIC","pave the way"
1719,"TOEIC","embed"
1720,"TOEIC","burglary"
1721,"TOEIC","bundle"
1722,"TOEIC","dramatize"
1723,"TOEIC","fugacious"
1724,"TOEIC","recess"
1725,"TOEIC","decorative"
1726,"TOEIC","slum"
1727,"TOEIC","adjournment"
1728,"TOEIC","screwdriver"
1729,"TOEIC","hemisphere"
1730,"TOEIC","outline"
1731,"TOEIC","depreciation"
1732,"TOEIC","predicament"
1733,"TOEIC","pleasantly"
1734,"TOEIC","institute"
1735,"TOEIC","courtyard"
1736,"TOEIC","hook up"
1737,"TOEIC","sewer"
1738,"TOEIC","redesign"
1739,"TOEIC","AC"
1740,"TOEIC","by all means"
1741,"TOEIC","heroin"
1742,"TOEIC","humanitarian"
1743,"TOEIC","eyewitness"
1744,"TOEIC","wear out"
1745,"TOEIC","worsen"
1746,"TOEIC","idealism"
1747,"TOEIC","decor"
1748,"TOEIC","segment"
1749,"TOEIC","transparent"
1750,"TOEIC","demo"
1751,"TOEIC","embargo"
1752,"TOEIC","saturation"
1753,"TOEIC","victimize"
1754,"TOEIC","superficial"
1755,"TOEIC","turnover"
1756,"TOEIC","evacuation"
1757,"TOEIC","petty crimes"
1758,"TOEIC","replacement"
1759,"TOEIC","delta"
1760,"TOEIC","southward"
1761,"TOEIC","stack"
1762,"TOEIC","intercept"
1763,"TOEIC","attendance"
1764,"TOEIC","coverage"
1765,"TOEIC","nationwide"
1766,"TOEIC","put aside"
1767,"TOEIC","relevant"
1768,"TOEIC","invalid"
1769,"TOEIC","baron"
1770,"TOEIC","hospitalize"
1771,"TOEIC","ozone layer"
1772,"TOEIC","subsidy"
1773,"TOEIC","childcare"
1774,"TOEIC","sewage"
1775,"TOEIC","incoming"
1776,"TOEIC","RSVP"
1777,"TOEIC","bargaining"
1778,"TOEIC","revise"
1779,"TOEIC","sneak"
1780,"TOEIC","cancellation"
1781,"TOEIC","pastor"
1782,"TOEIC","wrongdoing"
1783,"TOEIC","hitch"
1784,"TOEIC","habitually"
1785,"TOEIC","frustrating"
1786,"TOEIC","seasoning"
1787,"TOEIC","groundwork"
1788,"TOEIC","absenteeism"
1789,"TOEIC","solidarity"
1790,"TOEIC","grace"
1791,"TOEIC","cockpit"
1792,"TOEIC","underwater"
1793,"TOEIC","discontent"
1794,"TOEIC","ecological"
1795,"TOEIC","birthrate"
1796,"TOEIC","traitor"
1797,"TOEIC","booking"
1798,"TOEIC","runway"
1799,"TOEIC","pursuant to"
1800,"TOEIC","inadvertent"
1801,"TOEIC","attainment"
1802,"TOEIC","sensor"
1803,"TOEIC","draw up"
1804,"TOEIC","breaking"
1805,"TOEIC","guerrilla"
1806,"TOEIC","socialize"
1807,"TOEIC","sender"
1808,"TOEIC","cartoon"
1809,"TOEIC","clearing"
1810,"TOEIC","rephrase"
1811,"TOEIC","futures"
1812,"TOEIC","cleanse"
1813,"TOEIC","tree-shaded"
1814,"TOEIC","tailor"
1815,"TOEIC","undervalue"
1816,"TOEIC","duplicate"
1817,"TOEIC","predecessor"
1818,"TOEIC","thrift shop"
1819,"TOEIC","mold"
1820,"TOEIC","falter"
1821,"TOEIC","luxurious"
1822,"TOEIC","mushroom"
1823,"TOEIC","recapitulate"
1824,"TOEIC","premises"
1825,"TOEIC","removable"
1826,"TOEIC","rigid"
1827,"TOEIC","reformer"
1828,"TOEIC","figure"
1829,"TOEIC","transmission"
1830,"TOEIC","individuality"
1831,"TOEIC","coating"
1832,"TOEIC","roast"
1833,"TOEIC","comeback"
1834,"TOEIC","handout"
1835,"TOEIC","unreliable"
1836,"TOEIC","mesh"
1837,"TOEIC","track record"
1838,"TOEIC","strategic"
1839,"TOEIC","mediation"
1840,"TOEIC","toiletries"
1841,"TOEIC","stroller"
1842,"TOEIC","relevance"
1843,"TOEIC","consultation"
1844,"TOEIC","secrecy"
1845,"TOEIC","eruption"
1846,"TOEIC","biographer"
1847,"TOEIC","feminism"
1848,"TOEIC","flour"
1849,"TOEIC","governmental"
1850,"TOEIC","authoritative"
1851,"TOEIC","erratic"
1852,"TOEIC","inseparable"
1853,"TOEIC","electoral"
1854,"TOEIC","escalate"
1855,"TOEIC","correction"
1856,"TOEIC","pledge"
1857,"TOEIC","dainty"
1858,"TOEIC","quietness"
1859,"TOEIC","municipality"
1860,"TOEIC","excerpt"
1861,"TOEIC","subject line"
1862,"TOEIC","facilitate"
1863,"TOEIC","sensitivity"
1864,"TOEIC","nullify"
1865,"TOEIC","wholesale"
1866,"TOEIC","friendliness"
1867,"TOEIC","luncheon"
1868,"TOEIC","proprietary"
1869,"TOEIC","inland"
1870,"TOEIC","rollover"
1871,"TOEIC","plot"
1872,"TOEIC","retailer"
1873,"TOEIC","royalty"
1874,"TOEIC","pity"
1875,"TOEIC","presumably"
1876,"TOEIC","trucking"
1877,"TOEIC","sideboard"
1878,"TOEIC","nursing care"
1879,"TOEIC","sentence"
1880,"TOEIC","modify"
1881,"TOEIC","host"
1882,"TOEIC","round"
1883,"TOEIC","industrialize"
1884,"TOEIC","every inch"
1885,"TOEIC","zipper"
1886,"TOEIC","agonize"
1887,"TOEIC","clone"
1888,"TOEIC","terrific"
1889,"TOEIC","striped"
1890,"TOEIC","postage"
1891,"TOEIC","deploy"
1892,"TOEIC","landowner"
1893,"TOEIC","parcel"
1894,"TOEIC","reconstruct"
1895,"TOEIC","dispute"
1896,"TOEIC","retrieve"
1897,"TOEIC","hip"
1898,"TOEIC","supreme"
1899,"TOEIC","periodical"
1900,"TOEIC","proofread"
1901,"TOEIC","sentiment"
1902,"TOEIC","hardworking"
1903,"TOEIC","passerby"
1904,"TOEIC","unstable"
1905,"TOEIC","refugee"
1906,"TOEIC","ceasefire"
1907,"TOEIC","distinct"
1908,"TOEIC","side"
1909,"TOEIC","turnaround"
1910,"TOEIC","seaweed"
1911,"TOEIC","juror"
1912,"TOEIC","eccentricity"
1913,"TOEIC","simplicity"
1914,"TOEIC","reschedule"
1915,"TOEIC","pretension"
1916,"TOEIC","standardize"
1917,"TOEIC","relapse"
1918,"TOEIC","generalize"
1919,"TOEIC","stillness"
1920,"TOEIC","streamline"
1921,"TOEIC","equities"
1922,"TOEIC","premium"
1923,"TOEIC","interface"
1924,"TOEIC","rule out"
1925,"TOEIC","countenance"
1926,"TOEIC","windmill"
1927,"TOEIC","shelve"
1928,"TOEIC","terrifying"
1929,"TOEIC","superiority"
1930,"TOEIC","critique"
1931,"TOEIC","realignment"
1932,"TOEIC","nightfall"
1933,"TOEIC","registration"
1934,"TOEIC","readiness"
1935,"TOEIC","tag line"
1936,"TOEIC","reseller"
1937,"TOEIC","portal"
1938,"TOEIC","illicit"
1939,"TOEIC","independence"
1940,"TOEIC","par"
1941,"TOEIC","sufficiency"
1942,"TOEIC","alley"
1943,"TOEIC","subscribe"
1944,"TOEIC","immigration"
1945,"TOEIC","encryption"
1946,"TOEIC","canyon"
1947,"TOEIC","exceed"
1948,"TOEIC","starlight"
1949,"TOEIC","postwar"
1950,"TOEIC","notorious"
1951,"TOEIC","humanism"
1952,"TOEIC","toll booth"
1953,"TOEIC","revision"
1954,"TOEIC","cemetery"
1955,"TOEIC","quotation"
1956,"TOEIC","intervene"
1957,"TOEIC","speeding"
1958,"TOEIC","heel"
1959,"TOEIC","ditch"
1960,"TOEIC","settlement"
1961,"TOEIC","infant"
1962,"TOEIC","a pile of"
1963,"TOEIC","accumulation"
1964,"TOEIC","festivity"
1965,"TOEIC","preside"
1966,"TOEIC","restricted"
1967,"TOEIC","stow"
1968,"TOEIC","memorandum"
1969,"TOEIC","initiation"
1970,"TOEIC","starter"
1971,"TOEIC","upstream"
1972,"TOEIC","filmmaker"
1973,"TOEIC","jaw"
1974,"TOEIC","confine"
1975,"TOEIC","intruder"
1976,"TOEIC","lucrative"
1977,"TOEIC","from scratch"
1978,"TOEIC","documentation"
1979,"TOEIC","offense"
1980,"TOEIC","stipulate"
1981,"TOEIC","frighten"
1982,"TOEIC","permanence"
1983,"TOEIC","craze"
1984,"TOEIC","commentator"
1985,"TOEIC","gluestick"
1986,"TOEIC","recreate"
1987,"TOEIC","preclude"
1988,"TOEIC","discontinue"
1989,"TOEIC","trade show"
1990,"TOEIC","persecute"
1991,"TOEIC","thunderstorm"
1992,"TOEIC","minimize"
1993,"TOEIC","tidal wave"
1994,"TOEIC","salient"
1995,"TOEIC","collateral"
1996,"TOEIC","greasy"
1997,"TOEIC","sway"
1998,"TOEIC","reinforcement"
1999,"TOEIC","horrified"
2000,"TOEIC","physician"
2001,"TOEIC","theorist"
2002,"TOEIC","stapler"
2003,"TOEIC","provoke"
2004,"TOEIC","supposedly"
2005,"TOEIC","reboot"
2006,"TOEIC","trading firm"
2007,"TOEIC","emigration"
2008,"TOEIC","homeland"
2009,"TOEIC","misleading"
2010,"TOEIC","realty firm"
2011,"TOEIC","overcharge"
2012,"TOEIC","potentiality"
2013,"TOEIC","disarm"
2014,"TOEIC","depot"
2015,"TOEIC","tardiness"
2016,"TOEIC","freebie"
2017,"TOEIC","province"
2018,"TOEIC","outlay"
2019,"TOEIC","horrify"
2020,"TOEIC","driveway"
2021,"TOEIC","patio"
2022,"TOEIC","infancy"
2023,"TOEIC","calling"
2024,"TOEIC","crease"
2025,"TOEIC","nominal"
2026,"TOEIC","vendor"
2027,"TOEIC","prehistoric"
2028,"TOEIC","legendary"
2029,"TOEIC","median"
2030,"TOEIC","receptionist"
2031,"TOEIC","sneeze"
2032,"TOEIC","farmland"
2033,"TOEIC","fertilizer"
2034,"TOEIC","stopover"
2035,"TOEIC","pathway"
2036,"TOEIC","sicken"
2037,"TOEIC","payphone"
2038,"TOEIC","upper arm"
2039,"TOEIC","reformation"
2040,"TOEIC","figurative"
2041,"TOEIC","disillusion"
2042,"TOEIC","buttonhole"
2043,"TOEIC","congregation"
2044,"TOEIC","recede"
2045,"TOEIC","hysterical"
2046,"TOEIC","crimson"
2047,"TOEIC","broker"
2048,"TOEIC","liberation"
2049,"TOEIC","palm"
2050,"TOEIC","nobleman"
2051,"TOEIC","defective"
2052,"TOEIC","lament"
2053,"TOEIC","untie"
2054,"TOEIC","faithful"
2055,"TOEIC","ignition"
2056,"TOEIC","polls"
2057,"TOEIC","measure"
2058,"TOEIC","atypical"
2059,"TOEIC","specify"
2060,"TOEIC","nun"
2061,"TOEIC","contributor"
2062,"TOEIC","expanse"
2063,"TOEIC","top-notch"
2064,"TOEIC","washer"
2065,"TOEIC","slump"
2066,"TOEIC","pill"
2067,"TOEIC","penal codes"
2068,"TOEIC","subscriber"
2069,"TOEIC","taper off"
2070,"TOEIC","venue"
2071,"TOEIC","cleanser"
2072,"TOEIC","tag price"
2073,"TOEIC","disability"
2074,"TOEIC","courier"
2075,"TOEIC","anticipate"
2076,"TOEIC","mortgage"
2077,"TOEIC","write off"
2078,"TOEIC","extremist"
2079,"TOEIC","salutation"
2080,"TOEIC","clerical"
2081,"TOEIC","populate"
2082,"TOEIC","preacher"
2083,"TOEIC","voucher"
2084,"TOEIC","refund"
2085,"TOEIC","formulation"
2086,"TOEIC","intensive"
2087,"TOEIC","turn signal"
2088,"TOEIC","obligation"
2089,"TOEIC","quarrel"
2090,"TOEIC","accumulate"
2091,"TOEIC","enclosure"
2092,"TOEIC","flair"
2093,"TOEIC","incredible"
2094,"TOEIC","migrate"
2095,"TOEIC","spendthrift"
2096,"TOEIC","garner"
2097,"TOEIC","zoom"
2098,"TOEIC","misty"
2099,"TOEIC","profoundly"
2100,"TOEIC","disobey"
2101,"TOEIC","trailer"
2102,"TOEIC","imprint"
2103,"TOEIC","initialize"
2104,"TOEIC","shellfish"
2105,"TOEIC","undercut"
2106,"TOEIC","propagate"
2107,"TOEIC","constitute"
2108,"TOEIC","keenly"
2109,"TOEIC","inequality"
2110,"TOEIC","misprision"
2111,"TOEIC","dramatist"
2112,"TOEIC","ensconce"
2113,"TOEIC","decency"
2114,"TOEIC","reconsider"
2115,"TOEIC","violet"
2116,"TOEIC","revenue"
2117,"TOEIC","upright"
2118,"TOEIC","poetry"
2119,"TOEIC","conflict"
2120,"TOEIC","invitation"
2121,"TOEIC","engraving"
2122,"TOEIC","pharmacy"
2123,"TOEIC","empty"
2124,"TOEIC","entitle"
2125,"TOEIC","rite"
2126,"TOEIC","submit"
2127,"TOEIC","unit cost"
2128,"TOEIC","unethical"
2129,"TOEIC","suite"
2130,"TOEIC","up to"
2131,"TOEIC","razor"
2132,"TOEIC","suffice"
2133,"TOEIC","tribal"
2134,"TOEIC","faucet"
2135,"TOEIC","compress"
2136,"TOEIC","equipment"
2137,"TOEIC","delegate"
2138,"TOEIC","show up"
2139,"TOEIC","ultimately"
2140,"TOEIC","customary"
2141,"TOEIC","extension"
2142,"TOEIC","cleanup"
2143,"TOEIC","resolution"
2144,"TOEIC","navel"
2145,"TOEIC","tow truck"
2146,"TOEIC","stimulation"
2147,"TOEIC","real estate"
2148,"TOEIC","conflicting"
2149,"TOEIC","sidewalk"
2150,"TOEIC","discretion"
2151,"TOEIC","fingernail"
2152,"TOEIC","trash bin"
2153,"TOEIC","off balance"
2154,"TOEIC","visibility"
2155,"TOEIC","eyeball"
2156,"TOEIC","fishery"
2157,"TOEIC","kneel"
2158,"TOEIC","buckle"
2159,"TOEIC","envoy"
2160,"TOEIC","outsider"
2161,"TOEIC","workplace"
2162,"TOEIC","ancestral"
2163,"TOEIC","thrive"
2164,"TOEIC","wasp"
2165,"TOEIC","sabbatical"
2166,"TOEIC","obtuse"
2167,"TOEIC","distiller"
2168,"TOEIC","probation"
2169,"TOEIC","recipient"
2170,"TOEIC","babble"
2171,"TOEIC","indulgence"
2172,"TOEIC","defection"
2173,"TOEIC","biased"
2174,"TOEIC","trachea"
2175,"TOEIC","yield"
2176,"TOEIC","lapel"
2177,"TOEIC","poised"
2178,"TOEIC","brew"
2179,"TOEIC","strangle"
2180,"TOEIC","grievance"
2181,"TOEIC","vertical"
2182,"TOEIC","thrift"
2183,"TOEIC","tonic"
2184,"TOEIC","snort"
2185,"TOEIC","enlist"
2186,"TOEIC","smuggler"
2187,"TOEIC","foreclosure"
2188,"TOEIC","mole"
2189,"TOEIC","concierge"
2190,"TOEIC","overpass"
2191,"TOEIC","vaccination"
2192,"TOEIC","bum"
2193,"TOEIC","savor"
2194,"TOEIC","sculptor"
2195,"TOEIC","marginal"
2196,"TOEIC","magistrate"
2197,"TOEIC","subside"
2198,"TOEIC","interlude"
2199,"TOEIC","sanity"
2200,"TOEIC","pancreas"
2201,"TOEIC","extradite"
2202,"TOEIC","tug"
2203,"TOEIC","prescription"
2204,"TOEIC","mince"
2205,"TOEIC","mourning"
2206,"TOEIC","mishap"
2207,"TOEIC","prosecutor"
2208,"TOEIC","pact"
2209,"TOEIC","displeasure"
2210,"TOEIC","hazy"
2211,"TOEIC","prophecy"
2212,"TOEIC","subsidiary"
2213,"TOEIC","repel"
2214,"TOEIC","unanimous"
2215,"TOEIC","displacement"
2216,"TOEIC","embezzlement"
2217,"TOEIC","dagger"
2218,"TOEIC","tap into"
2219,"TOEIC","scale"
2220,"TOEIC","fanciful"
2221,"TOEIC","promoter"
2222,"TOEIC","premature"
2223,"TOEIC","tycoon"
2224,"TOEIC","fetter"
2225,"TOEIC","messy"
2226,"TOEIC","overcapacity"
2227,"TOEIC","oval"
2228,"TOEIC","thigh"
2229,"TOEIC","obscene"
2230,"TOEIC","orbit"
2231,"TOEIC","footlight"
2232,"TOEIC","reconfigure"
2233,"TOEIC","retrench"
2234,"TOEIC","con"
2235,"TOEIC","relish"
2236,"TOEIC","retribution"
2237,"TOEIC","tenant"
2238,"TOEIC","jeopardize"
2239,"TOEIC","outrageous"
2240,"TOEIC","rectangle"
2241,"TOEIC","mound"
2242,"TOEIC","remit"
2243,"TOEIC","privatize"
2244,"TOEIC","overdo"
2245,"TOEIC","immerse"
2246,"TOEIC","tuck"
2247,"TOEIC","muggy"
2248,"TOEIC","fountain"
2249,"TOEIC","dart"
2250,"TOEIC","rattle"
2251,"TOEIC","swirl"
2252,"TOEIC","ultramarine"
2253,"TOEIC","quake"
2254,"TOEIC","tavern"
2255,"TOEIC","robbery"
2256,"TOEIC","doldrums"
2257,"TOEIC","abound"
2258,"TOEIC","tap"
2259,"TOEIC","novice"
2260,"TOEIC","allegation"
2261,"TOEIC","fertility"
2262,"TOEIC","bulky"
2263,"TOEIC","reddish"
2264,"TOEIC","mockery"
2265,"TOEIC","plank"
2266,"TOEIC","fabric"
2267,"TOEIC","shank"
2268,"TOEIC","blacksmith"
2269,"TOEIC","tariff"
2270,"TOEIC","intestine"
2271,"TOEIC","pantry"
2272,"TOEIC","propel"
2273,"TOEIC","stature"
2274,"TOEIC","extradition"
2275,"TOEIC","warp"
2276,"TOEIC","tenure"
2277,"TOEIC","mauve"
2278,"TOEIC","prose"
2279,"TOEIC","embroider"
2280,"TOEIC","thumbtack"
2281,"TOEIC","stain"
2282,"TOEIC","wharf"
2283,"TOEIC","specialty"
2284,"TOEIC","regime"
2285,"TOEIC","attic"
2286,"TOEIC","rash"
2287,"TOEIC","vein"
2288,"TOEIC","divinity"
2289,"TOEIC","persecution"
2290,"TOEIC","wicket"
2291,"TOEIC","malfeasance"
2292,"TOEIC","prosecute"
2293,"TOEIC","on behalf of"
2294,"TOEIC","unfold"
2295,"TOEIC","sleeve"
2296,"TOEIC","reproduce"
2297,"TOEIC","surgeon"
2298,"TOEIC","symptom"
2299,"TOEIC","railing"
2300,"TOEIC","directory"
2301,"TOEIC","matter"
2302,"TOEIC","crusade"
2303,"TOEIC","dodge"
2304,"TOEIC","encumber"
2305,"TOEIC","grate"
2306,"TOEIC","peninsula"
2307,"TOEIC","quay"
2308,"TOEIC","accommodate"
2309,"TOEIC","procure"
2310,"TOEIC","measles"
2311,"TOEIC","ebb"
2312,"TOEIC","bereaved"
2313,"TOEIC","kin"
2314,"TOEIC","coordination"
2315,"TOEIC","intercourse"
2316,"TOEIC","refill"
2317,"TOEIC","dominance"
2318,"TOEIC","filthy"
2319,"TOEIC","stunning"
2320,"TOEIC","blur"
2321,"TOEIC","oath"
2322,"TOEIC","consistency"
2323,"TOEIC","poach"
2324,"TOEIC","warehouse"
2325,"TOEIC","slice"
2326,"TOEIC","longing"
2327,"TOEIC","relieved"
2328,"TOEIC","crushing"
2329,"TOEIC","sublet"
2330,"TOEIC","ranger"
2331,"TOEIC","agony"
2332,"TOEIC","overnight"
2333,"TOEIC","wail"
2334,"TOEIC","vomit"
2335,"TOEIC","drawback"
2336,"TOEIC","janitor"
2337,"TOEIC","numeral"
2338,"TOEIC","mileage"
2339,"TOEIC","anemometer"
2340,"TOEIC","upheaval"
2341,"TOEIC","grove"
2342,"TOEIC","woeful"
2343,"TOEIC","curb"
2344,"TOEIC","remains"
2345,"TOEIC","refrain from"
2346,"TOEIC","reciprocal"
2347,"TOEIC","ruling"
2348,"TOEIC","humiliation"
2349,"TOEIC","glaze"
2350,"TOEIC","detour"
2351,"TOEIC","rusty"
2352,"TOEIC","attire"
2353,"TOEIC","overlap"
2354,"TOEIC","communion"
2355,"TOEIC","lust"
2356,"TOEIC","bail"
2357,"TOEIC","anemia"
2358,"TOEIC","opaque"
2359,"TOEIC","deduct"
2360,"TOEIC","brace"
2361,"TOEIC","banquet"
2362,"TOEIC","raid"
2363,"TOEIC","discrepancy"
2364,"TOEIC","notably"
2365,"TOEIC","utensils"
2366,"TOEIC","warship"
2367,"TOEIC","robust"
2368,"TOEIC","outfit"
2369,"TOEIC","blackmail"
2370,"TOEIC","diaper"
2371,"TOEIC","decompress"
2372,"TOEIC","freight"
2373,"TOEIC","custody"
2374,"TOEIC","agitation"
2375,"TOEIC","armpit"
2376,"TOEIC","dispense"
2377,"TOEIC","craven"
2378,"TOEIC","audit"
2379,"TOEIC","euphoria"
2380,"TOEIC","corruption"
2381,"TOEIC","refreshments"
2382,"TOEIC","gem"
2383,"TOEIC","recrudesce"
2384,"TOEIC","subtract"
2385,"TOEIC","contingent"
2386,"TOEIC","recital"
2387,"TOEIC","counterfeit"
2388,"TOEIC","intimacy"
2389,"TOEIC","landlady"
2390,"TOEIC","serial"
2391,"TOEIC","reunion"
2392,"TOEIC","ambient"
2393,"TOEIC","replicate"
2394,"TOEIC","debtor"
2395,"TOEIC","plaintiff"
2396,"TOEIC","tentative"
2397,"TOEIC","conspire"
2398,"TOEIC","deodorant"
2399,"TOEIC","sneer"
2400,"TOEIC","fatality"
2401,"TOEIC","petroleum"
2402,"TOEIC","fatal"
2403,"TOEIC","bail out"
2404,"TOEIC","seclude"
2405,"TOEIC","slash"
2406,"TOEIC","rapture"
2407,"TOEIC","rouge"
2408,"TOEIC","quiescent"
2409,"TOEIC","inheritance"
2410,"TOEIC","aristocrat"
2411,"TOEIC","401(k)"
2412,"TOEIC","toddler"
2413,"TOEIC","materialize"
2414,"TOEIC","bourse"
2415,"TOEIC","perilous"
2416,"TOEIC","buttocks"
2417,"TOEIC","toast"
2418,"TOEIC","said"
2419,"TOEIC","kinship"
2420,"TOEIC","scarcity"
2421,"TOEIC","regrettably"
2422,"TOEIC","alumni"
2423,"TOEIC","registered"
2424,"TOEIC","confinement"
2425,"TOEIC","seal"
2426,"TOEIC","kit"
2427,"TOEIC","gulp"
2428,"TOEIC","acceptable"
2429,"TOEIC","trot"
2430,"TOEIC","parable"
2431,"TOEIC","durables"
2432,"TOEIC","serene"
2433,"TOEIC","outsource"
2434,"TOEIC","belly"
2435,"TOEIC","prepense"
2436,"TOEIC","resentful"
2437,"TOEIC","remunerate"
2438,"TOEIC","denomination"
2439,"TOEIC","retort"
2440,"TOEIC","congenial"
2441,"TOEIC","spouse"
2442,"TOEIC","smack"
2443,"TOEIC","uproot"
2444,"TOEIC","amendment"
2445,"TOEIC","azure"
2446,"TOEIC","petition"
2447,"TOEIC","recount"
2448,"TOEIC","glut"
2449,"TOEIC","impeachment"
2450,"TOEIC","tuition"
2451,"TOEIC","wardrobe"
2452,"TOEIC","consulate"
2453,"TOEIC","expatriate"
2454,"TOEIC","whittle"
2455,"TOEIC","mow"
2456,"TOEIC","perplex"
2457,"TOEIC","separation"
2458,"TOEIC","usher"
2459,"TOEIC","gush"
2460,"TOEIC","homicide"
2461,"TOEIC","vinegary"
2462,"TOEIC","shoreline"
2463,"TOEIC","missionary"
2464,"TOEIC","endowment"
2465,"TOEIC","wrinkle"
2466,"TOEIC","cramp"
2467,"TOEIC","brood"
2468,"TOEIC","prestigious"
2469,"TOEIC","comprise"
2470,"TOEIC","peripheral"
2471,"TOEIC","raft"
2472,"TOEIC","bar"
2473,"TOEIC","speculation"
2474,"TOEIC","deem"
2475,"TOEIC","securities"
2476,"TOEIC","imagery"
2477,"TOEIC","baffle"
2478,"TOEIC","obsolete"
2479,"TOEIC","barbecue"
2480,"TOEIC","shove"
2481,"TOEIC","heredity"
2482,"TOEIC","disband"
2483,"TOEIC","cut a figure"
2484,"TOEIC","lining"
2485,"TOEIC","clench"
2486,"TOEIC","subconscious"
2487,"TOEIC","disobedience"
2488,"TOEIC","mumble"
2489,"TOEIC","fertilize"
2490,"TOEIC","etiquette"
2491,"TOEIC","chord"
2492,"TOEIC","prevail"
2493,"TOEIC","antibody"
2494,"TOEIC","rumble"
2495,"TOEIC","pirate"
2496,"TOEIC","entangle"
2497,"TOEIC","prostitute"
2498,"TOEIC","coeducation"
2499,"TOEIC","deprivation"
2500,"TOEIC","sniff"
