"id","english_label"
8001,"chimera"
8002,"hegemony"
8003,"biocide"
8004,"hedonist"
8005,"buttress"
8006,"artlessness"
8007,"prognosis"
8008,"inadvertence"
8009,"indigestion"
8010,"gross"
8011,"errant"
8012,"incursion"
8013,"occult"
8014,"bulge"
8015,"admonitory"
8016,"boorish"
8017,"proscribe"
8018,"apprise"
8019,"blandness"
8020,"conscript"
8021,"confound"
8022,"lighthearted"
8023,"infinity"
8024,"indigent"
8025,"referendum"
8026,"improbity"
8027,"carcinogenic"
8028,"craven"
8029,"necromancy"
8030,"indigence"
8031,"allegiance"
8032,"salubrious"
8033,"manipulative"
8034,"tact"
8035,"regress"
8036,"churlishness"
8037,"precept"
8038,"tardy"
8039,"serenity"
8040,"ruffle"
8041,"plumb"
8042,"covert"
8043,"seamy"
8044,"precursory"
8045,"repulsion"
8046,"substantiation"
8047,"solvent"
8048,"diversion"
8049,"feint"
8050,"magnify"
8051,"scant"
8052,"decry"
8053,"collective"
8054,"boast"
8055,"delineate"
8056,"gruesome"
8057,"sibling"
8058,"steep"
8059,"squirrel"
8060,"shallow"
8061,"saline"
8062,"chaste"
8063,"pendant"
8064,"parallel"
8065,"besiege"
8066,"vagrant"
8067,"vocal cords"
8068,"bailout"
8069,"meek"
8070,"antibody"
8071,"acrimonious"
8072,"stagger"
8073,"geyser"
8074,"probable"
8075,"apogee"
8076,"deride"
8077,"communal"
8078,"wrench"
8079,"collateral"
8080,"slick"
8081,"affluence"
8082,"pathos"
8083,"forgo"
8084,"graphic"
8085,"embed"
8086,"adherent"
8087,"engross"
8088,"wrangle"
8089,"hive"
8090,"antagonistic"
8091,"allude"
8092,"circumscribe"
8093,"ceremonious"
8094,"propagate"
8095,"trappings"
8096,"ubiquitous"
8097,"cache"
8098,"irrepressible"
8099,"blackout"
8100,"carnivorous"
8101,"dispel"
8102,"nursery"
8103,"distend"
8104,"slough"
8105,"cynical"
8106,"dormitory"
8107,"aptitude"
8108,"ancillary"
8109,"gallery"
8110,"pliable"
8111,"purport"
8112,"fervent"
8113,"bountiful"
8114,"disband"
8115,"epicenter"
8116,"severance"
8117,"hindmost"
8118,"bilateral"
8119,"relentless"
8120,"fraudulent"
8121,"cerebral"
8122,"shatter"
8123,"epic"
8124,"colloquial"
8125,"alienate"
8126,"vicarious"
8127,"glossy"
8128,"opulent"
8129,"actuate"
8130,"amble"
8131,"mill"
8132,"plea"
8133,"resort"
8134,"aroma"
8135,"bombastic"
8136,"wary"
8137,"misconstrue"
8138,"hierarchy"
8139,"repertoire"
8140,"maritime"
8141,"reverent"
8142,"bland"
8143,"encroachment"
8144,"overrun"
8145,"ornate"
8146,"fallible"
8147,"retina"
8148,"navel"
8149,"arrear"
8150,"invulnerable"
8151,"despondent"
8152,"conciliation"
8153,"replete"
8154,"reptile"
8155,"abstinence"
8156,"amass"
8157,"compatible"
8158,"hireling"
8159,"retrospective"
8160,"absolute"
8161,"gentility"
8162,"condominium"
8163,"ebb"
8164,"boulder"
8165,"circumspect"
8166,"dais"
8167,"granite"
8168,"rite"
8169,"beg"
8170,"abject"
8171,"degenerate"
8172,"lethargic"
8173,"proceed"
8174,"animosity"
8175,"chauvinist"
8176,"bloom"
8177,"monstrosity"
8178,"assert"
8179,"fatalism"
8180,"array"
8181,"mannerism"
8182,"wizardry"
8183,"malicious"
8184,"amnesty"
8185,"snarl"
8186,"abstemious"
8187,"energize"
8188,"nurture"
8189,"apathy"
8190,"immobility"
8191,"simulated"
8192,"bet"
8193,"espouse"
8194,"charisma"
8195,"distill"
8196,"rampant"
8197,"beneficiary"
8198,"complicity"
8199,"subconscious"
8200,"inarticulate"
8201,"taciturn"
8202,"orifice"
8203,"impartial"
8204,"generic"
8205,"swine"
8206,"furtively"
8207,"touchstone"
8208,"indissoluble"
8209,"derivative"
8210,"incredulous"
8211,"inverse"
8212,"benefactor"
8213,"discrete"
8214,"knead"
8215,"reproach"
8216,"eulogy"
8217,"fluorescence"
8218,"poultry"
8219,"depot"
8220,"perturb"
8221,"fallacious"
8222,"inadvertent"
8223,"conduit"
8224,"prone"
8225,"pod"
8226,"fiat"
8227,"pinnacle"
8228,"distress"
8229,"molecule"
8230,"recession"
8231,"precursor"
8232,"astute"
8233,"crescendo"
8234,"idiosyncrasy"
8235,"decelerate"
8236,"congruence"
8237,"despair"
8238,"conductive"
8239,"interdict"
8240,"chameleon"
8241,"gear"
8242,"choreograph"
8243,"askew"
8244,"ambivalence"
8245,"spray"
8246,"counterpart"
8247,"thorough"
8248,"offspring"
8249,"luxuriant"
8250,"twig"
8251,"celestial"
8252,"contravene"
8253,"shrewd"
8254,"moat"
8255,"reimburse"
8256,"ameliorate"
8257,"exasperate"
8258,"atypical"
8259,"ideology"
8260,"amorphous"
8261,"tempo"
8262,"amplify"
8263,"personify"
8264,"clairvoyance"
8265,"extraneous"
8266,"lexicographer"
8267,"inhibit"
8268,"resurgent"
8269,"refurbish"
8270,"primordial"
8271,"cubicle"
8272,"irreconcilable"
8273,"parity"
8274,"blithe"
8275,"poise"
8276,"circus"
8277,"infrared rays"
8278,"cortex"
8279,"bourgeois"
8280,"compelling"
8281,"robust"
8282,"reprehensible"
8283,"hibernate"
8284,"banal"
8285,"hybrid"
8286,"jurisprudence"
8287,"nostril"
8288,"forsake"
8289,"bequeath"
8290,"lionize"
8291,"inkling"
8292,"canvass"
8293,"coax"
8294,"cataclysm"
8295,"infraction"
8296,"equilibrium"
8297,"projection"
8298,"steadfast"
8299,"linger"
8300,"replica"
8301,"molten"
8302,"embellish"
8303,"muse"
8304,"refutation"
8305,"rancor"
8306,"willow"
8307,"twitter"
8308,"plunge"
8309,"inscrutable"
8310,"bestow"
8311,"piety"
8312,"indebted"
8313,"plight"
8314,"tax incidence"
8315,"procure"
8316,"eradicate"
8317,"crevice"
8318,"mediocre"
8319,"diverge"
8320,"tractable"
8321,"freak"
8322,"replicate"
8323,"infantile"
8324,"coup"
8325,"dorsal"
8326,"blandishment"
8327,"punitive"
8328,"deduct"
8329,"fame"
8330,"nauseate"
8331,"insomnia"
8332,"renege"
8333,"airborne"
8334,"intimidate"
8335,"goodwill"
8336,"corrosive"
8337,"questionnaire"
8338,"devious"
8339,"colossal"
8340,"remediable"
8341,"rebuke"
8342,"sunken"
8343,"noxious"
8344,"compassion"
8345,"provoke"
8346,"symmetry"
8347,"concentric"
8348,"allay"
8349,"assiduous"
8350,"nuke"
8351,"condescend"
8352,"lucrative"
8353,"podiatrist"
8354,"canine"
8355,"vantage"
8356,"insubordinate"
8357,"disseminate"
8358,"repository"
8359,"forefinger"
8360,"antecedent"
8361,"bathe"
8362,"bleak"
8363,"bleed"
8364,"lagoon"
8365,"allegory"
8366,"null"
8367,"carat"
8368,"cruise"
8369,"artifice"
8370,"rebate"
8371,"discordant"
8372,"waive"
8373,"soar"
8374,"garble"
8375,"wreath"
8376,"cabal"
8377,"manifesto"
8378,"arbiter"
8379,"quarry"
8380,"seismic"
8381,"table"
8382,"anachronism"
8383,"decomposition"
8384,"fresco"
8385,"avert"
8386,"frustrate"
8387,"owl"
8388,"pragmatist"
8389,"postulate"
8390,"grapple"
8391,"tycoon"
8392,"preeminent"
8393,"hypnosis"
8394,"husbandry"
8395,"lope"
8396,"fictitious"
8397,"loathe"
8398,"glacial"
8399,"plenary"
8400,"brazen"
8401,"tyranny"
8402,"drudgery"
8403,"espionage"
8404,"bellicose"
8405,"caption"
8406,"contraband"
8407,"recurrent"
8408,"epilogue"
8409,"outfit"
8410,"tonsil"
8411,"heterogeneous"
8412,"deviate"
8413,"parameter"
8414,"parasite"
8415,"nostalgia"
8416,"imperative"
8417,"cardinal"
8418,"grievance"
8419,"forecast"
8420,"reprimand"
8421,"wade"
8422,"pit"
8423,"windfall"
8424,"intoxicate"
8425,"fertilizer"
8426,"reprove"
8427,"irresolute"
8428,"acclimate"
8429,"ally"
8430,"epoch"
8431,"seclude"
8432,"propensity"
8433,"itinerary"
8434,"buzzword"
8435,"deposition"
8436,"deterrent"
8437,"ample"
8438,"hydrophobia"
8439,"adjunct"
8440,"heyday"
8441,"perceptive"
8442,"component"
8443,"guile"
8444,"erudite"
8445,"plausible"
8446,"roster"
8447,"observatory"
8448,"accessible"
8449,"symbolize"
8450,"repulse"
8451,"increment"
8452,"flagrant"
8453,"dexterous"
8454,"cardboard"
8455,"unilateral"
8456,"malice"
8457,"blanch"
8458,"abase"
8459,"artifact"
8460,"inter"
8461,"transcend"
8462,"duplicity"
8463,"quack"
8464,"comprehend"
8465,"initiate"
8466,"germ"
8467,"fringe"
8468,"attentive"
8469,"inequity"
8470,"demolition"
8471,"reciprocal"
8472,"euphonious"
8473,"gratuity"
8474,"caricature"
8475,"extrovert"
8476,"copious"
8477,"tenure"
8478,"acquittal"
8479,"facet"
8480,"darkroom"
8481,"imprudent"
8482,"myopic"
8483,"contentious"
8484,"lax"
8485,"etymology"
8486,"cohesion"
8487,"azure"
8488,"replenish"
8489,"superfluous"
8490,"funnel"
8491,"flourish"
8492,"dilute"
8493,"singular"
8494,"horticulture"
8495,"acquit"
8496,"outcry"
8497,"homage"
8498,"conglomeration"
8499,"constipation"
8500,"incarnation"
8501,"bovine"
8502,"molasses"
8503,"disinclination"
8504,"causal"
8505,"fodder"
8506,"hardy"
8507,"laud"
8508,"emaciated"
8509,"sublime"
8510,"conifer"
8511,"throng"
8512,"indignity"
8513,"laconic"
8514,"desolate"
8515,"posture"
8516,"domain"
8517,"index"
8518,"fortitude"
8519,"insecticide"
8520,"urbane"
8521,"acquiesce"
8522,"assimilate"
8523,"glutton"
8524,"granulated"
8525,"inflict"
8526,"transaction"
8527,"delude"
8528,"transcribe"
8529,"abusive"
8530,"salvage"
8531,"fragment"
8532,"hue"
8533,"lucre"
8534,"vegetate"
8535,"irrevocable"
8536,"interminable"
8537,"fraction"
8538,"abdicate"
8539,"adulation"
8540,"adversity"
8541,"exemplary"
8542,"icon"
8543,"shimmer"
8544,"agape"
8545,"residue"
8546,"fluctuate"
8547,"meadow"
8548,"nest"
8549,"egoism"
8550,"jargon"
8551,"stammer"
8552,"complement"
8553,"inflated"
8554,"imperial"
8555,"abrasive"
8556,"abyss"
8557,"stringent"
8558,"discredit"
8559,"distraught"
8560,"spectrum"
8561,"alchemy"
8562,"empirical"
8563,"equitable"
8564,"ballast"
8565,"autocrat"
8566,"diversity"
8567,"introspective"
8568,"extrude"
8569,"engaging"
8570,"listless"
8571,"inborn"
8572,"exodus"
8573,"impassive"
8574,"extol"
8575,"excise"
8576,"lapse"
8577,"forte"
8578,"congenital"
8579,"disparity"
8580,"gauche"
8581,"retrieve"
8582,"concord"
8583,"bizarre"
8584,"proxy"
8585,"ruthless"
8586,"depreciate"
8587,"sensuous"
8588,"axiom"
8589,"persecute"
8590,"harass"
8591,"marshal"
8592,"minute"
8593,"whimsical"
8594,"poignancy"
8595,"amphibian"
8596,"arbitration"
8597,"bold"
8598,"subliminal"
8599,"detrimental"
8600,"groove"
8601,"contrite"
8602,"brusque"
8603,"inimical"
8604,"impeach"
8605,"spawn"
8606,"compact"
8607,"tame"
8608,"hew"
8609,"adroit"
8610,"snicker"
8611,"vulnerable"
8612,"contaminate"
8613,"naked"
8614,"exotic"
8615,"litigation"
8616,"pirate"
8617,"despot"
8618,"rustic"
8619,"furnace"
8620,"strenuous"
8621,"conformity"
8622,"loath"
8623,"infringe"
8624,"immune"
8625,"console"
8626,"controvert"
8627,"pivotal"
8628,"affected"
8629,"agrarian"
8630,"notch"
8631,"chronic"
8632,"precipitate"
8633,"responsiveness"
8634,"motif"
8635,"hemorrhage"
8636,"reckon"
8637,"cram"
8638,"chaotic"
8639,"regale"
8640,"lava"
8641,"bicker"
8642,"circumlocution"
8643,"earthy"
8644,"dilemma"
8645,"wax"
8646,"viral"
8647,"asymmetric"
8648,"hypertension"
8649,"terse"
8650,"viscosity"
8651,"ambient"
8652,"unearth"
8653,"bristle"
8654,"guise"
8655,"euphemism"
8656,"collusion"
8657,"haughtiness"
8658,"preamble"
8659,"transition"
8660,"stigma"
8661,"analogy"
8662,"imbalance"
8663,"impermeable"
8664,"aquiline"
8665,"petition"
8666,"infuse"
8667,"imminent"
8668,"irreverence"
8669,"proclamation"
8670,"maniacal"
8671,"longevity"
8672,"unequivocal"
8673,"inexorable"
8674,"diverse"
8675,"taint"
8676,"caliber"
8677,"deference"
8678,"gist"
8679,"molt"
8680,"muddle"
8681,"forge"
8682,"panorama"
8683,"lizard"
8684,"chassis"
8685,"discrepancy"
8686,"excrete"
8687,"exorcise"
8688,"breach"
8689,"astral"
8690,"enumerate"
8691,"archetype"
8692,"malignant"
8693,"impending"
8694,"abate"
8695,"engender"
8696,"annihilate"
8697,"rejuvenate"
8698,"perquisite"
8699,"provisional"
8700,"contingent"
8701,"asthma"
8702,"impromptu"
8703,"assorted"
8704,"checkered"
8705,"tributary"
8706,"senile"
8707,"scourge"
8708,"lineage"
8709,"sterilize"
8710,"franchise"
8711,"polarize"
8712,"susceptible"
8713,"implausible"
8714,"clandestine"
8715,"caprice"
8716,"pretext"
8717,"materialism"
8718,"keynote"
8719,"agitate"
8720,"redress"
8721,"posterity"
8722,"infiltrate"
8723,"hamper"
8724,"greed"
8725,"depravity"
8726,"innocuous"
8727,"tribute"
8728,"treatise"
8729,"warrant"
8730,"stud"
8731,"antiquated"
8732,"generality"
8733,"summation"
8734,"summon"
8735,"acidulous"
8736,"biosphere"
8737,"stall"
8738,"lull"
8739,"calligraphy"
8740,"reiterate"
8741,"insidious"
8742,"Occident"
8743,"brevity"
8744,"consonance"
8745,"tyrannical"
8746,"persimmon"
8747,"comatose"
8748,"mundane"
8749,"multilingual"
8750,"ascetic"
8751,"entity"
8752,"dwindle"
8753,"nuance"
8754,"influx"
8755,"dispassionate"
8756,"capsize"
8757,"vagabond"
8758,"savant"
8759,"blue chip"
8760,"courier"
8761,"overcast"
8762,"ibis"
8763,"coagulate"
8764,"turnip"
8765,"trivial"
8766,"ungrateful"
8767,"nauseous"
8768,"annuity"
8769,"indolent"
8770,"amenity"
8771,"pheasant"
8772,"esoteric"
8773,"ennui"
8774,"irremediable"
8775,"gratify"
8776,"spendthrift"
8777,"lichen"
8778,"connoisseur"
8779,"recourse"
8780,"condone"
8781,"cupidity"
8782,"overdue"
8783,"aspiration"
8784,"perimeter"
8785,"surcharge"
8786,"humble"
8787,"disc"
8788,"obsession"
8789,"scavenger"
8790,"quarantine"
8791,"reactionary"
8792,"confiscate"
8793,"perseverance"
8794,"evoke"
8795,"fumigate"
8796,"illicit"
8797,"pedagogic"
8798,"plywood"
8799,"confluence"
8800,"euphoria"
8801,"grimace"
8802,"antibiotic"
8803,"correlation"
8804,"constituent"
8805,"torrent"
8806,"concoct"
8807,"accidental"
8808,"discretion"
8809,"belittle"
8810,"conjecture"
8811,"peripheral"
8812,"arable"
8813,"flux"
8814,"imperturbable"
8815,"aboriginal"
8816,"artisan"
8817,"marsh"
8818,"aver"
8819,"herald"
8820,"zenith"
8821,"deprivation"
8822,"icicle"
8823,"conspiracy"
8824,"irrelevant"
8825,"morose"
8826,"fission"
8827,"substantive"
8828,"torment"
8829,"rupture"
8830,"physiological"
8831,"incessant"
8832,"extricate"
8833,"protrude"
8834,"traumatic"
8835,"salutary"
8836,"problematic"
8837,"portent"
8838,"manifold"
8839,"faculty"
8840,"sundry"
8841,"disparage"
8842,"expatriate"
8843,"arbitrate"
8844,"obliterate"
8845,"archaic"
8846,"leeway"
8847,"ingenuity"
8848,"mock"
8849,"prune"
8850,"indisputable"
8851,"terminology"
8852,"vacuum"
8853,"protocol"
8854,"credo"
8855,"surveillance"
8856,"inanimate"
8857,"miserly"
8858,"circumvent"
8859,"luster"
8860,"ultimatum"
8861,"partisan"
8862,"opportune"
8863,"pastoral"
8864,"temporize"
8865,"negation"
8866,"topography"
8867,"fidelity"
8868,"flora"
8869,"atrophy"
8870,"societal"
8871,"abhor"
8872,"renovate"
8873,"clench"
8874,"subdue"
8875,"disinterested"
8876,"adorn"
8877,"incumbent"
8878,"augury"
8879,"agglomeration"
8880,"creed"
8881,"prodigious"
8882,"amend"
8883,"extemporaneous"
8884,"default"
8885,"promulgate"
8886,"mute"
8887,"coincidental"
8888,"audacious"
8889,"tumultuous"
8890,"stun"
8891,"repercussion"
8892,"countermeasure"
8893,"corrugated"
8894,"transient"
8895,"digression"
8896,"kindred"
8897,"oblique"
8898,"advent"
8899,"precarious"
8900,"infirmity"
8901,"transgression"
8902,"entomology"
8903,"chasm"
8904,"traverse"
8905,"deduce"
8906,"fete"
8907,"dint"
8908,"accomplice"
8909,"appropriation"
8910,"frivolity"
8911,"fastidious"
8912,"stoic"
8913,"hubbub"
8914,"altruistic"
8915,"suppleness"
8916,"alert"
8917,"vane"
8918,"indefinite"
8919,"mire"
8920,"vehement"
8921,"preclude"
8922,"plethora"
8923,"compute"
8924,"pluck"
8925,"daunt"
8926,"frenzied"
8927,"salient"
8928,"covenant"
8929,"synthesis"
8930,"recede"
8931,"deluge"
8932,"entice"
8933,"moratorium"
8934,"ulcer"
8935,"patronize"
8936,"commensurate"
8937,"auxiliary"
8938,"incongruous"
8939,"degradation"
8940,"frenetic"
8941,"adhere"
8942,"disputatious"
8943,"impotent"
8944,"astrology"
8945,"queue"
8946,"stupefy"
8947,"entrepreneur"
8948,"etiquette"
8949,"sew"
8950,"irate"
8951,"adept"
8952,"immutable"
8953,"cling"
8954,"elliptical"
8955,"synchronous"
8956,"repudiate"
8957,"aurora"
8958,"nautical"
8959,"altercation"
8960,"binary"
8961,"debilitate"
8962,"resign"
8963,"detach"
8964,"destitute"
8965,"cavity"
8966,"topple"
8967,"cog"
8968,"censorious"
8969,"climactic"
8970,"mar"
8971,"allege"
8972,"hack"
8973,"exacting"
8974,"jettison"
8975,"introverted"
8976,"combustible"
8977,"regime"
8978,"equine"
8979,"retaliation"
8980,"undermine"
8981,"attrition"
8982,"meditation"
8983,"brittle"
8984,"quiver"
8985,"festive"
8986,"torpid"
8987,"intriguing"
8988,"stamina"
8989,"debase"
8990,"fetch"
8991,"rife"
8992,"turmoil"
8993,"encompass"
8994,"extravagant"
8995,"abstruse"
8996,"recipient"
8997,"ramification"
8998,"streak"
8999,"exuberance"
9000,"calumny"
9001,"trite"
9002,"precinct"
9003,"eerie"
9004,"bronchitis"
9005,"mole"
9006,"decoy"
9007,"neurosis"
9008,"corroborate"
9009,"fiasco"
9010,"dissertation"
9011,"rigor"
9012,"prevail"
9013,"nadir"
9014,"satire"
9015,"terrestrial"
9016,"trepidation"
9017,"thaw"
9018,"intermittent"
9019,"odyssey"
9020,"gainsay"
9021,"swindle"
9022,"protract"
9023,"wane"
9024,"connotation"
9025,"stab"
9026,"spear"
9027,"ferment"
9028,"intractable"
9029,"bedraggled"
9030,"complacent"
9031,"wag"
9032,"polity"
9033,"arson"
9034,"malaise"
9035,"vilify"
9036,"rococo"
9037,"impeccable"
9038,"gregarious"
9039,"raze"
9040,"stumble"
9041,"sag"
9042,"assent"
9043,"inane"
9044,"dissipate"
9045,"gargantuan"
9046,"allegedly"
9047,"catastrophe"
9048,"opprobrium"
9049,"dissemble"
9050,"austere"
9051,"invigoration"
9052,"ebullient"
9053,"claustrophobia"
9054,"pucker"
9055,"grandiloquent"
9056,"finesse"
9057,"catalyst"
9058,"ambit"
9059,"indomitable"
9060,"quibble"
9061,"cohort"
9062,"epistemology"
9063,"motley"
9064,"vivacious"
9065,"gastronomy"
9066,"rail"
9067,"squander"
9068,"tainted"
9069,"obstinacy"
9070,"obdurate"
9071,"stolid"
9072,"perfidy"
9073,"occluded"
9074,"fervid"
9075,"derision"
9076,"waft"
9077,"rescind"
9078,"conciliate"
9079,"epistle"
9080,"expedient"
9081,"appease"
9082,"nexus"
9083,"nondescript"
9084,"procrastinate"
9085,"sagacity"
9086,"flustered"
9087,"levity"
9088,"archaism"
9089,"stark"
9090,"fatuity"
9091,"fracas"
9092,"impudent"
9093,"rebuff"
9094,"gravel"
9095,"refulgent"
9096,"burgeon"
9097,"insularity"
9098,"sinecure"
9099,"grievous"
9100,"conclave"
9101,"tenuous"
9102,"don"
9103,"levee"
9104,"advertent"
9105,"pique"
9106,"lambaste"
9107,"pulley"
9108,"inchoate"
9109,"famished"
9110,"immaterial"
9111,"malapropism"
9112,"din"
9113,"scurvy"
9114,"vile"
9115,"caustic"
9116,"headstrong"
9117,"adoration"
9118,"disjunction"
9119,"genuflect"
9120,"conundrum"
9121,"commencement"
9122,"mollify"
9123,"facetious"
9124,"bona fide"
9125,"taut"
9126,"unseemly"
9127,"prudish"
9128,"exhort"
9129,"abscond"
9130,"refraction"
9131,"phlegmatic"
9132,"incipient"
9133,"sedulous"
9134,"inundate"
9135,"abstinent"
9136,"slew"
9137,"foment"
9138,"relegate"
9139,"fatuousness"
9140,"vandal"
9141,"misanthrope"
9142,"attenuate"
9143,"aspersion"
9144,"dermatology"
9145,"uphold"
9146,"antiseptic"
9147,"culprit"
9148,"unscrupulous"
9149,"valorous"
9150,"metamorphose"
9151,"threadbare"
9152,"assuage"
9153,"perjury"
9154,"profuse"
9155,"divestiture"
9156,"osteology"
9157,"sear"
9158,"fluke"
9159,"rave"
9160,"torpor"
9161,"flamboyant"
9162,"inert"
9163,"desultory"
9164,"hapless"
9165,"mollycoddle"
9166,"ponderous"
9167,"nascent"
9168,"recalcitrant"
9169,"juxtapose"
9170,"fermentation"
9171,"morphology"
9172,"commend"
9173,"affidavit"
9174,"taxonomy"
9175,"aggrieve"
9176,"neologism"
9177,"pry"
9178,"coterie"
9179,"altruist"
9180,"recondite"
9181,"prolixity"
9182,"extrapolate"
9183,"empathy"
9184,"avid"
9185,"fiduciary"
9186,"guileless"
9187,"anterior"
9188,"grudging"
9189,"aggregate"
9190,"ridge"
9191,"inimitable"
9192,"recessive"
9193,"antagonize"
9194,"somatic"
9195,"outlandish"
9196,"decimate"
9197,"mannered"
9198,"preternatural"
9199,"asperity"
9200,"latent"
9201,"tranquility"
9202,"impugn"
9203,"subdued"
9204,"repent"
9205,"officious"
9206,"ensemble"
9207,"disabuse"
9208,"chisel"
9209,"astonish"
9210,"squalor"
9211,"penance"
9212,"petal"
9213,"impetuous"
9214,"unlettered"
9215,"repine"
9216,"rarefied"
9217,"plasticity"
9218,"felicity"
9219,"soliloquy"
9220,"diatribe"
9221,"doff"
9222,"emanate"
9223,"erudition"
9224,"enervate"
9225,"pundit"
9226,"deflect"
9227,"abrogate"
9228,"scrutiny"
9229,"penury"
9230,"blight"
9231,"quiescence"
9232,"statute"
9233,"constrict"
9234,"intemperance"
9235,"vacillation"
9236,"onerous"
9237,"plait"
9238,"plutocracy"
9239,"unscathed"
9240,"rift"
9241,"brat"
9242,"minutiae"
9243,"pungency"
9244,"verisimilar"
9245,"accretion"
9246,"epigram"
9247,"turbid"
9248,"extenuate"
9249,"antipathy"
9250,"finicky"
9251,"dyslexia"
9252,"premeditated"
9253,"proselytize"
9254,"hibernation"
9255,"forgery"
9256,"pied"
9257,"decorous"
9258,"hoodwink"
9259,"cardiovascular"
9260,"evacuate"
9261,"prelude"
9262,"inconspicuous"
9263,"propitiate"
9264,"derogatory"
9265,"turpitude"
9266,"amenable"
9267,"nucleate"
9268,"delirium"
9269,"legible"
9270,"ephemeral"
9271,"profligacy"
9272,"amnesia"
9273,"ingrate"
9274,"irksome"
9275,"glib"
9276,"defamation"
9277,"corporeal"
9278,"incorporate"
9279,"lenient"
9280,"tuberculosis"
9281,"flippant"
9282,"lien"
9283,"bereave"
9284,"heretical"
9285,"estrangement"
9286,"hackneyed"
9287,"scotch"
9288,"allusive"
9289,"rectitude"
9290,"vociferous"
9291,"invoice"
9292,"licentious"
9293,"irascible"
9294,"propagation"
9295,"predilection"
9296,"minatory"
9297,"mellifluous"
9298,"efface"
9299,"chicanery"
9300,"frigidity"
9301,"revere"
9302,"wholesome"
9303,"charitable"
9304,"meteoric"
9305,"adroitly"
9306,"complaisant"
9307,"immortality"
9308,"crag"
9309,"cassation"
9310,"exasperated"
9311,"supplicate"
9312,"limpid"
9313,"jibe"
9314,"apocryphal"
9315,"sedative"
9316,"gouge"
9317,"insipid"
9318,"aboveboard"
9319,"crass"
9320,"fracture"
9321,"dialectic"
9322,"lackluster"
9323,"conjugal"
9324,"iniquity"
9325,"tendentious"
9326,"gambol"
9327,"cringe"
9328,"indigenous"
9329,"damped"
9330,"fetid"
9331,"insatiable"
9332,"fledgling"
9333,"anecdote"
9334,"equanimity"
9335,"exalt"
9336,"amalgamate"
9337,"libertine"
9338,"idolatrous"
9339,"dichotomy"
9340,"garrulity"
9341,"timidity"
9342,"ossify"
9343,"arid"
9344,"emissary"
9345,"indolence"
9346,"detachment"
9347,"approbation"
9348,"trajectory"
9349,"convivial"
9350,"emancipate"
9351,"offhand"
9352,"diffident"
9353,"putrefaction"
9354,"supine"
9355,"posterior"
9356,"sidereal"
9357,"conversant"
9358,"obscure"
9359,"corroboration"
9360,"idyll"
9361,"oscillate"
9362,"fortify"
9363,"castigation"
9364,"puissance"
9365,"debacle"
9366,"mercurial"
9367,"canonical"
9368,"insensible"
9369,"desiccate"
9370,"profane"
9371,"podium"
9372,"bogus"
9373,"progeny"
9374,"slab"
9375,"autonomy"
9376,"malign"
9377,"baleful"
9378,"sap"
9379,"mortify"
9380,"amatory"
9381,"gristle"
9382,"pan"
9383,"metamorphosis"
9384,"tinge"
9385,"artillery"
9386,"harangue"
9387,"stockade"
9388,"spiteful"
9389,"fatuous"
9390,"acumen"
9391,"accolade"
9392,"torridness"
9393,"incorruptible"
9394,"tortuous"
9395,"squelch"
9396,"insinuate"
9397,"peripatetic"
9398,"stipend"
9399,"disingenuous"
9400,"exact"
9401,"arcane"
9402,"hydrate"
9403,"reconciliation"
9404,"agog"
9405,"sociopath"
9406,"resilience"
9407,"quell"
9408,"cryptic"
9409,"malevolent"
9410,"diffuse"
9411,"discriminating"
9412,"invective"
9413,"paragon"
9414,"indignation"
9415,"rapacious"
9416,"pedagogue"
9417,"anomaly"
9418,"abeyance"
9419,"shun"
9420,"acquired"
9421,"preeminence"
9422,"rue"
9423,"meager"
9424,"hypocrite"
9425,"arboreal"
9426,"disclaim"
9427,"exonerate"
9428,"rung"
9429,"abridge"
9430,"veneration"
9431,"aseptic"
9432,"univocal"
9433,"commotion"
9434,"dissociation"
9435,"abut"
9436,"extirpation"
9437,"fathomable"
9438,"uproar"
9439,"labile"
9440,"quotidian"
9441,"genial"
9442,"volubility"
9443,"comeliness"
9444,"ratify"
9445,"lassitude"
9446,"lithology"
9447,"credence"
9448,"conflagration"
9449,"talisman"
9450,"encomium"
9451,"quandary"
9452,"relinquish"
9453,"propinquity"
9454,"versatile"
9455,"aesthetic"
9456,"grouse"
9457,"equivocate"
9458,"elocution"
9459,"willfulness"
9460,"convoluted"
9461,"perennial"
9462,"melodrama"
9463,"admonish"
9464,"provincial"
9465,"obese"
9466,"immaculate"
9467,"boisterous"
9468,"abraded"
9469,"placebo"
9470,"pugnacious"
9471,"aristocracy"
9472,"pith"
9473,"redoubtable"
9474,"viscid"
9475,"whim"
9476,"docile"
9477,"truce"
9478,"panoply"
9479,"serrated"
9480,"unalloyed"
9481,"opaqueness"
9482,"patriarch"
9483,"warmonger"
9484,"orate"
9485,"pandemonium"
9486,"cunning"
9487,"egress"
9488,"subservience"
9489,"fork"
9490,"alacrity"
9491,"goad"
9492,"respiration"
9493,"matriarch"
9494,"pinch"
9495,"grope"
9496,"aberrant"
9497,"porous"
9498,"flag"
9499,"probity"
9500,"unkempt"
9501,"justice"
9502,"export"
9503,"endure"
9504,"prejudice"
9505,"raw"
9506,"permit"
9507,"tradition"
9508,"molecule"
9509,"appeal"
9510,"passage"
9511,"quantity"
9512,"ready"
9513,"loan"
9514,"overall"
9515,"trust"
9516,"classify"
9517,"theory"
9518,"stimulate"
9519,"atmosphere"
9520,"companion"
9521,"emergency"
9522,"humorous"
9523,"boundary"
9524,"contrary"
9525,"diversity"
9526,"rush"
9527,"empty"
9528,"aim"
9529,"waste"
9530,"treat"
9531,"instrument"
9532,"prison"
9533,"tear"
9534,"lawyer"
9535,"worry"
9536,"apparent"
9537,"doubt"
9538,"plain"
9539,"crucial"
9540,"biological"
9541,"launch"
9542,"postpone"
9543,"raise"
9544,"quarter"
9545,"exact"
9546,"fluent"
9547,"bond"
9548,"resource"
9549,"distinct"
9550,"labor"
9551,"narrow"
9552,"swing"
9553,"shelter"
9554,"spiritual"
9555,"steady"
9556,"disappoint"
9557,"nation"
9558,"harm"
9559,"hell"
9560,"belong"
9561,"invite"
9562,"beverage"
9563,"common"
9564,"square"
9565,"result"
9566,"tiny"
9567,"nutrition"
9568,"tissue"
9569,"taste"
9570,"enormous"
9571,"contract"
9572,"overwhelm"
9573,"protest"
9574,"marry"
9575,"recent"
9576,"deliver"
9577,"legal"
9578,"skill"
9579,"assist"
9580,"impress"
9581,"rare"
9582,"secure"
9583,"factor"
9584,"confront"
9585,"responsible"
9586,"experience"
9587,"leap"
9588,"male"
9589,"priority"
9590,"landscape"
9591,"defend"
9592,"seal"
9593,"recover"
9594,"contain"
9595,"stream"
9596,"fuel"
9597,"typical"
9598,"investigate"
9599,"tale"
9600,"pile"
9601,"distant"
9602,"protein"
9603,"experiment"
9604,"include"
9605,"respond"
9606,"brief"
9607,"anxious"
9608,"operate"
9609,"lean"
9610,"region"
9611,"concern"
9612,"research"
9613,"bill"
9614,"attitude"
9615,"examine"
9616,"environment"
9617,"expensive"
9618,"scare"
9619,"devote"
9620,"import"
9621,"individual"
9622,"alter"
9623,"huge"
9624,"praise"
9625,"expense"
9626,"favor"
9627,"artistic"
9628,"wealth"
9629,"trouble"
9630,"effect"
9631,"principal"
9632,"murder"
9633,"rapid"
9634,"progress"
9635,"detail"
9636,"cosmetic"
9637,"political"
9638,"ecology"
9639,"rude"
9640,"depend"
9641,"author"
9642,"beat"
9643,"shake"
9644,"fulfill"
9645,"track"
9646,"lend"
9647,"elite"
9648,"rate"
9649,"annoy"
9650,"imitate"
9651,"remove"
9652,"virtual"
9653,"extraordinary"
9654,"slight"
9655,"approach"
9656,"heaven"
9657,"ethnic"
9658,"period"
9659,"correct"
9660,"task"
9661,"odd"
9662,"grip"
9663,"category"
9664,"desert"
9665,"proper"
9666,"pour"
9667,"species"
9668,"grant"
9669,"reduce"
9670,"initial"
9671,"willingly"
9672,"nationality"
9673,"chase"
9674,"primitive"
9675,"trade"
9676,"survey"
9677,"tropical"
9678,"harvest"
9679,"illustrate"
9680,"strength"
9681,"dispute"
9682,"struggle"
9683,"complete"
9684,"greet"
9685,"capable"
9686,"relative"
9687,"extreme"
9688,"float"
9689,"proportion"
9690,"fond"
9691,"ethics"
9692,"occur"
9693,"district"
9694,"transfer"
9695,"neighbor"
9696,"courage"
9697,"soul"
9698,"meaningful"
9699,"conclude"
9700,"frame"
9701,"government"
9702,"genetic"
9703,"hesitate"
9704,"adjust"
9705,"handle"
9706,"exchange"
9707,"honor"
9708,"traffic"
9709,"confirm"
9710,"fortune"
9711,"embrace"
9712,"temporary"
9713,"injure"
9714,"discrimination"
9715,"public"
9716,"source"
9717,"crowd"
9718,"contemporary"
9719,"polish"
9720,"fundamental"
9721,"bottom"
9722,"approve"
9723,"blossom"
9724,"celebrate"
9725,"comfort"
9726,"fault"
9727,"entire"
9728,"equal"
9729,"conventional"
9730,"civil"
9731,"insect"
9732,"faith"
9733,"method"
9734,"shade"
9735,"racial"
9736,"spirit"
9737,"retain"
9738,"withdraw"
9739,"insurance"
9740,"gaze"
9741,"mood"
9742,"senior"
9743,"temperature"
9744,"charm"
9745,"obtain"
9746,"weapon"
9747,"pursue"
9748,"search"
9749,"external"
9750,"audience"
9751,"culture"
9752,"similar"
9753,"borrow"
9754,"rural"
9755,"federal"
9756,"consider"
9757,"attach"
9758,"precious"
9759,"violent"
9760,"satisfy"
9761,"yield"
9762,"opportunity"
9763,"surface"
9764,"ideal"
9765,"universal"
9766,"former"
9767,"crisis"
9768,"duty"
9769,"advantage"
9770,"mass"
9771,"share"
9772,"capture"
9773,"modest"
9774,"alarm"
9775,"owe"
9776,"foster"
9777,"guarantee"
9778,"dynamic"
9779,"thought"
9780,"site"
9781,"humanity"
9782,"arrest"
9783,"domestic"
9784,"complex"
9785,"likely"
9786,"wheel"
9787,"grab"
9788,"spare"
9789,"aggressive"
9790,"material"
9791,"publish"
9792,"amount"
9793,"bare"
9794,"manufacture"
9795,"found"
9796,"interrupt"
9797,"negotiate"
9798,"abandon"
9799,"grain"
9800,"improve"
9801,"rational"
9802,"hate"
9803,"mental"
9804,"branch"
9805,"desire"
9806,"pension"
9807,"widespread"
9808,"own"
9809,"invest"
9810,"bow"
9811,"extinct"
9812,"mere"
9813,"territory"
9814,"mistake"
9815,"version"
9816,"disease"
9817,"soil"
9818,"perform"
9819,"mankind"
9820,"urge"
9821,"discipline"
9822,"convenient"
9823,"infant"
9824,"curious"
9825,"knowledge"
9826,"broad"
9827,"insight"
9828,"current"
9829,"stress"
9830,"rent"
9831,"substitute"
9832,"cell"
9833,"frequent"
9834,"limit"
9835,"vital"
9836,"stable"
9837,"benefit"
9838,"casual"
9839,"recipe"
9840,"particular"
9841,"determine"
9842,"compose"
9843,"exhibit"
9844,"rough"
9845,"award"
9846,"cause"
9847,"colony"
9848,"tribe"
9849,"translate"
9850,"thin"
9851,"latter"
9852,"abstract"
9853,"stare"
9854,"thick"
9855,"sustain"
9856,"pure"
9857,"native"
9858,"scheme"
9859,"influence"
9860,"sign"
9861,"encourage"
9862,"focus"
9863,"develop"
9864,"pain"
9865,"prime"
9866,"represent"
9867,"length"
9868,"military"
9869,"release"
9870,"flexible"
9871,"major"
9872,"ultimate"
9873,"apply"
9874,"mature"
9875,"transport"
9876,"situation"
9877,"deal"
9878,"regret"
9879,"previous"
9880,"sight"
9881,"possess"
9882,"primary"
9883,"annual"
9884,"community"
9885,"crash"
9886,"faculty"
9887,"fit"
9888,"terrible"
9889,"permanent"
9890,"ensure"
9891,"settle"
9892,"passion"
9893,"venture"
9894,"constant"
9895,"eager"
9896,"facility"
9897,"consult"
9898,"dominate"
9899,"increase"
9900,"admire"
9901,"furniture"
9902,"worth"
9903,"area"
9904,"sum"
9905,"occupy"
9906,"trait"
9907,"purpose"
9908,"require"
9909,"migrate"
9910,"row"
9911,"solid"
9912,"introduce"
9913,"immediate"
9914,"local"
9915,"bright"
9916,"custom"
9917,"employ"
9918,"therefore"
9919,"reluctant"
9920,"illegal"
9921,"role"
9922,"expose"
9923,"decrease"
9924,"hurt"
9925,"physical"
9926,"aware"
9927,"concentrate"
9928,"communicate"
9929,"height"
9930,"debt"
9931,"royal"
9932,"mechanical"
9933,"vast"
9934,"commit"
9935,"mammal"
9936,"flee"
9937,"grasp"
9938,"spread"
9939,"burst"
9940,"inhabitant"
9941,"wisdom"
9942,"tax"
9943,"internal"
9944,"civilization"
9945,"technology"
9946,"hemisphere"
9947,"beg"
9948,"arrange"
9949,"incredible"
9950,"remote"
9951,"average"
9952,"distribute"
9953,"enemy"
9954,"elementary"
9955,"habitat"
9956,"habit"
9957,"marine"
9958,"vote"
9959,"swallow"
9960,"minor"
9961,"merit"
9962,"guilty"
9963,"remark"
9964,"persuade"
9965,"equivalent"
9966,"shelf"
9967,"ancient"
9968,"rotate"
9969,"consist"
9970,"policy"
9971,"bump"
9972,"evil"
9973,"nuclear"
9974,"wonder"
9975,"patient"
9976,"destroy"
9977,"lack"
9978,"globe"
9979,"standard"
9980,"value"
9981,"quality"
9982,"mutual"
9983,"serious"
9984,"collapse"
9985,"construct"
9986,"informal"
9987,"repair"
9988,"restore"
9989,"tough"
9990,"climate"
9991,"general"
9992,"budget"
9993,"hardly"
9994,"visible"
9995,"create"
9996,"project"
9997,"absorb"
9998,"feed"
9999,"cure"
10000,"bound"
